Nombre;Categoria;Subcategoria;Color;Precio;Venta;Tallas;Referencia;Otros;
ANUBIS;Mujer;Bota;negro;49,90€;Si;36-37-38-39-40;50258-C27784;Material principal:Sintetico$Altura:3 cm$Material de la suela:De goma$Tipo de tacón:Plano$Tipo de cierre:Cremallera$Material del interior:Sintético$Material de la planta:Sintético$Tipo de puntera:Afilada$Tipo de caña:Alta;
ALMA;Mujer;Botín;negro;45,90€;Si;38;50192-C47638;Material principal:Sintetico$Altura:3 cm$Material de la suela:De goma$Tipo de tacón:Plano$Tipo de cierre:Cremallera$Material del interior:Sintético$Material de la planta:Sintético$Tipo de puntera:Redonda;
STORM;Mujer;Botín;negro;49,90€;Si;38-39-40-41;58695-C35856;Material principal:Sintetico$Altura:5 cm$Material de la suela:Caucho$Tipo de tacón:Plano$Tipo de cierre:Cremallera$Material del interior:Sintético$Material de la planta:Sintético$Tipo de puntera:Redonda$Tipo de caña:Media;
ALMA;Mujer;Botín;negro;45,90€;Si;36-37-38-39-40;50192-C48871;Material principal:Sintetico$Altura:3 cm$Material de la suela:De goma$Tipo de tacón:Plano$Tipo de cierre:Cremallera$Material del interior:Sintético$Material de la planta:Sintético$Tipo de puntera:Redonda;
MIRIANA;Mujer;Bota;negro;55,90€;Si;36-37-38-39-40-41;50165-C49874;Material principal:Sintetico$Altura:7.50 cm$Material de la suela:Externa$Tipo de tacón:Bloque$Tipo de cierre:Cremallera$Material del interior:Sintético$Material de la planta:Sintético$Tipo de puntera:Redonda$Tipo de caña:Alta;
NEW CLODE;Mujer;Botín;negro;49,90€;Si;36-37-38-39-40-41;58440-C47638;Material principal:Sintetico$Altura:5 cm$Material de la suela:De goma$Tipo de tacón:Bloque$Tipo de cierre:Cremallera$Material del interior:Sintético$Material de la planta:Sintético$Tipo de puntera:Afilada$Tipo de caña:Baja;
ANUBIS;Mujer;Bota;marron;49,90€;Si;36-37-38-39-40-41;50258-C27834;Material principal:Sintetico$Altura:3 cm$Material de la suela:De goma$Tipo de tacón:Plano$Tipo de cierre:Cremallera$Material del interior:Sintético$Material de la planta:Sintético$Tipo de puntera:Afilada$Tipo de caña:Alta;
MAKA;Mujer;Bota;kaki;59,90€;Si;36-37-38-39-40-41;58577-C50087;Material principal:Sintetico$Altura:5 cm$Material de la suela:Caucho$Tipo de tacón:Bloque$Tipo de cierre:Cremallera$Material del interior:Sintético$Material de la planta:Sintético$Tipo de puntera:Redonda$Tipo de caña:Alta;
serraje MARILYN;Mujer;Bota;marron;99,90€;Si;36-37-38-39-40-41;58134-C47011;Material principal:Serraje$Altura:8.50 cm$Material de la suela:Madera$Tipo de tacón:Bloque$Tipo de cierre:Cremallera$Material del interior:Piel$Material de la planta:Piel$Tipo de puntera:Afilada$Tipo de caña:Alta;
FENTA;Mujer;Bota;marron;59,90€;Si;36-37-38-39-40-41;50287-C27834;Material principal:Sintetico$Altura:8.50 cm$Material de la suela:De goma$Tipo de tacón:Bloque$Tipo de cierre:Cremallera$Material del interior:Sintético$Material de la planta:Sintético$Tipo de puntera:Redonda$Tipo de caña:Alta;
PERSEAM;Mujer;Botín;cuero;49,90€;Si;36-37-38-39-40-41;58706-C27834;Material principal:Sintetico$Altura:3 cm$Material de la suela:De goma$Tipo de tacón:Plano$Tipo de cierre:Cremallera$Material del interior:Sintético$Material de la planta:Sintético$Tipo de puntera:Redonda$Tipo de caña:Media;
GLAMI;Mujer;Botín;marron;55,90€;Si;36-37-38-39-40-41;58714-C50141;Material principal:Sintetico$Altura:7 cm$Material de la suela:Caucho$Tipo de tacón:Bloque$Tipo de cierre:Cremallera$Material del interior:Sintético$Material de la planta:Sintético$Tipo de puntera:Redonda$Tipo de caña:Media;
COLI;Mujer;Deportiva;azul;39,90€;Si;36-37-38-39-40-41;69606-C50126;Material principal:Sintetico$Altura:2.50 cm$Material de la suela:De goma$Tipo de tacón:Plano$Tipo de cierre:Cordones$Material del interior:Textil$Material de la planta:Sintético$Tipo de puntera:Redonda;
CAM;Mujer;Deportiva;negro;39,90€;Si;36-37-38-39-40-41;69705-C13609;Material principal:Sintetico$Altura:2.50 cm$Material de la suela:De goma$Tipo de tacón:Plano$Tipo de cierre:Cordones$Material del interior:Sintético$Material de la planta:Sintético$Tipo de puntera:Redonda;
LARA;Mujer;Deportiva;negro;45,90€;Si;37-38-39-40;69523-C50134;Material principal:Sintetico$Altura:4.50 cm$Material de la suela:De goma$Tipo de tacón:Plano$Tipo de cierre:Cordones$Material del interior:Textil$Material de la planta:Sintético$Tipo de puntera:Redonda;
PERDANG;Mujer;Deportiva;burdeos;39,90€;Si;36-37-38-39-40-41;69859-C50134;Material principal:Sintetico$Forro:Textil$Altura:2.50 cm$Material de la suela:Caucho$Tipo de tacón:Plano$Tipo de cierre:Cordones$Material del interior:Textil$Material de la planta:FOAM$Tipo de puntera:Redonda;
JOGGO;Mujer;Deportiva;negro;39,90€;Si;37-38-39-40-41;69362-C37109;Material principal:Sintetico$Altura:2.50 cm$Material de la suela:De goma$Tipo de tacón:Plano$Tipo de cierre:Cordones$Material del interior:Textil$Material de la planta:FOAM$Tipo de puntera:Redonda;
COLI;Mujer;Deportiva;verde;39,90€;Si;36-37-38-39-40;69606-C50125;Material principal:Sintetico$Altura:2.50 cm$Material de la suela:De goma$Tipo de tacón:Plano$Tipo de cierre:Cordones$Material del interior:Textil$Material de la planta:Sintético$Tipo de puntera:Redonda;
ROCK;Mujer;Botín;negro;55,90€;Si;36-37-38-39-40-41;58797-C47638;Material principal:Sintetico$Altura:5 cm$Material de la suela:Caucho$Tipo de tacón:Plano$Tipo de cierre:Cremallera$Material del interior:Sintético$Material de la planta:Sintético$Tipo de puntera:Redonda$Tipo de caña:Baja;
STIRM;Mujer;Botín;negro;49,90€;Si;36-37-38-39-40-41;58158-C38732;Material principal:Sintetico$Altura:5.50 cm$Material de la suela:De goma$Tipo de tacón:Plano$Tipo de cierre:Cordones$Material del interior:Sintético$Material de la planta:Sintético$Tipo de puntera:Abierta$Tipo de caña:Media;
MAYA;Mujer;Bota;negro;55,90€;Si;36-37-38-39-40;58140-C50088;Material principal:Sintetico$Altura:5 cm$Material de la suela:De goma$Tipo de tacón:Bloque$Tipo de cierre:Cremallera$Material del interior:Sintético$Material de la planta:Sintético$Tipo de puntera:Redonda;
PERSEAM;Mujer;Botín;negro;49,90€;Si;36-37-38-39-40;58706-C27784;Material principal:Sintetico$Altura:3 cm$Material de la suela:De goma$Tipo de tacón:Plano$Tipo de cierre:Cremallera$Material del interior:Sintético$Material de la planta:Sintético$Tipo de puntera:Redonda$Tipo de caña:Media;
BESSI;Mujer;Botín;negro;49,90€;No;?;50202-C27784;Material principal:Sintetico$Altura:3 cm$Material de la suela:Sintética$Tipo de tacón:Plano$Tipo de cierre:Cremallera$Material del interior:Sintético$Material de la planta:Sintético$Tipo de puntera:Redonda$Tipo de caña:Media;
GLAMI;Mujer;Botín;negro;55,90€;Si;37-38-39-40-41;58714-C50142;Material principal:Sintetico$Altura:7 cm$Material de la suela:Caucho$Tipo de tacón:Bloque$Tipo de cierre:Cremallera$Material del interior:Sintético$Material de la planta:Sintético$Tipo de puntera:Redonda$Tipo de caña:Media;
PASS;Mujer;BOTÍN;taupe;39,90€;Si;36-37-38-39-40-41;58853-C38313;Material principal:Sintetico$Altura:5 cm$Material de la suela:De goma$Tipo de tacón:Bloque$Tipo de cierre:Elástico$Material del interior:Sintético$Material de la planta:Sintético$Tipo de puntera:Redonda$Tipo de caña:Baja;
LAMBRA;Mujer;Botín;beige;49,90€;Si;36-37-38-39-40;50187-C50165;Material principal:Sintetico$Altura:8 cm$Material de la suela:De goma$Tipo de tacón:Bloque$Tipo de cierre:Cremallera$Material del interior:Sintético$Material de la planta:Sintético$Tipo de puntera:Afilada$Tipo de caña:Baja;
PERSEAM;Mujer;Botín;taupe;49,90€;Si;36-37-38-39;58706-C28595;Material principal:Sintetico$Altura:3 cm$Material de la suela:De goma$Tipo de tacón:Plano$Tipo de cierre:Cremallera$Material del interior:Sintético$Material de la planta:Sintético$Tipo de puntera:Redonda$Tipo de caña:Media;
LISON;Mujer;Botín;taupe;55,90€;Si;37-38-39-40-41;58597-C50059;Material principal:Sintetico$Altura:5 cm$Material de la suela:Sintética$Tipo de tacón:Bloque$Tipo de cierre:Cremallera$Material del interior:Sintético$Material de la planta:Sintético$Tipo de puntera:Redonda$Tipo de caña:Media;
CENTA;Mujer;Bota;beige;99,90€;Si;36-38-39-40;50251-C47017;Material principal:Serraje$Altura:5.50 cm$Material de la suela:Madera$Tipo de tacón:Bloque$Tipo de cierre:Sin cierre-Abiertos$Material del interior:Piel$Material de la planta:Piel$Tipo de puntera:Afilada$Tipo de caña:Alta;
MYRA;Mujer;Bota;beige;99,90€;Si;38-41;50340-C47017;Material principal:Serraje$Altura:8 cm$Material de la suela:De goma$Tipo de tacón:Bloque$Tipo de cierre:Sin cierre-Abiertos$Material del interior:Piel$Material de la planta:Piel$Tipo de puntera:Afilada$Tipo de caña:Alta;
BIGGER-K;Mujer;Deportiva;blanco;29,90€;Si;37-38-39-40;69423-C19667;Material principal:Sintetico$Altura:4 cm$Material de la suela:Caucho$Tipo de tacón:Plano$Tipo de cierre:Cordones$Material del interior:Textil$Material de la planta:Textil$Tipo de puntera:Redonda;
SAONA;Mujer;Deportiva;gris;45,90€;Si;36-37-38-39-40-41;69612-C50052;Material principal:Sintetico$Altura:4.50 cm$Material de la suela:De goma$Tipo de tacón:Plano$Tipo de cierre:Cordones$Material del interior:Sintético$Material de la planta:Sintético$Tipo de puntera:Redonda;
CAM;Mujer;Deportiva;nude;39,90€;Si;36-37-38-39-40-41;69705-C50035;Material principal:Sintetico$Altura:2.50 cm$Material de la suela:De goma$Tipo de tacón:Plano$Tipo de cierre:Cordones$Material del interior:Sintético$Material de la planta:Sintético$Tipo de puntera:Redonda;
CORE;Mujer;Deportiva;gris;39,90€;Si;36-37-38-39-40-41;69418-C50112;Material principal:Sintetico$Altura:2.50 cm$Material de la suela:De goma$Tipo de tacón:Plano$Tipo de cierre:Cordones$Material del interior:Textil$Material de la planta:FOAM$Tipo de puntera:Redonda;
LARA;Mujer;Deportiva;beige;45,90€;Si;36-37-39-40-41;69523-C27820;Material principal:Sintetico$Altura:4.50 cm$Material de la suela:De goma$Tipo de tacón:Plano$Tipo de cierre:Cordones$Material del interior:Textil$Material de la planta:Sintético$Tipo de puntera:Redonda;
PERDANG;Mujer;Deportiva;azul;39,90€;Si;36-37-38-39-40-41;69859-C50135;Material principal:Sintetico$Forro:Textil$Altura:2.50 cm$Material de la suela:Caucho$Tipo de tacón:Plano$Tipo de cierre:Cordones$Material del interior:Textil$Material de la planta:FOAM$Tipo de puntera:Redonda;
MYRA;Mujer;Bota;marron;99,90€;Si;36-37-38-39-40-41;50340-C51437;Material principal:Serraje$Altura:8 cm$Material del interior:Piel$Material de la planta:Piel$Tipo de puntera:Afilada$Tipo de caña:Alta;
CASIO;Mujer;Bota;marron;99,90€;Si;36-37-38-39-40-41;50336-C51437;Material principal:Piel$Altura:5 cm$Material de la suela:De goma$Tipo de tacón:Plano$Tipo de cierre:Cremallera$Material del interior:Piel$Material de la planta:Piel$Tipo de puntera:Redonda$Tipo de caña:Alta;
CASIONE;Mujer;Botín;marron;89,90€;Si;36-40-41;50335-C51437;Material principal:Serraje$Altura:5 cm$Material de la suela:De goma$Tipo de tacón:Plano$Tipo de cierre:Sin cierre-Abiertos$Material del interior:Piel$Material de la planta:Piel$Tipo de puntera:Redonda$Tipo de caña:Media;
CENTA;Mujer;Bota;cuero;99,90€;Si;36-38-39-40;50251-C47011;Material principal:Serraje$Altura:5.50 cm$Material de la suela:Madera$Tipo de tacón:Bloque$Tipo de cierre:Sin cierre-Abiertos$Material del interior:Piel$Material de la planta:Piel$Tipo de puntera:Afilada$Tipo de caña:Alta;
TEO;Mujer;Bota;marron;99,90€;Si;36-37-38-39-40-41;58964-C6047;Material principal:Piel$Altura:5 cm$Material de la suela:Madera$Tipo de tacón:Bloque$Tipo de cierre:Cremallera$Material del interior:Piel$Material de la planta:Piel$Tipo de puntera:Afilada$Tipo de caña:Alta;
ARES;Mujer;Bota;cuero;99,90€;Si;37-38-39;58964-C49843;Material principal:Piel$Altura:5 cm$Material de la suela:Madera$Tipo de tacón:Bloque$Tipo de cierre:Cremallera$Material del interior:Piel$Material de la planta:Piel$Tipo de puntera:Afilada$Tipo de caña:Alta;
BERGAN;Mujer;Mochila;negro;39,90€;Si;OS;BERGAN-C50261;Material principal:Sintetico$Base:13$Altura:27 cm$Ancho:23$Tipo de cierre:Cremallera$Material del interior:Textil;
MANTU;Mujer;Mochila;negro;39,90€;Si;OS;MANTU-C50292;Material principal:Sintetico$Forro:Textil$Base:11$Altura:28 cm$Ancho:24$Tipo de cierre:Solapa$Material del interior:Sintético;
LACIO;Mujer;Bolso;marron;36,90€;Si;OS;LACIO-C50296;Material principal:Sintetico$Base:20$Altura:31 cm$Ancho:39$Tipo de cierre:Cremallera$Material del interior:Textil;
bandolera CAPRI;Mujer;Bolso;marron;36,90€;Si;OS;CAPRI-C50293;Material principal:Sintetico$Base:9$Altura:17 cm$Ancho:26$Tipo de cierre:Solapa$Material del interior:Textil;
MASALA;Mujer;Mochila;marron;39,90€;Si;OS;MASALA-C50336;Material principal:Sintetico$Forro:Textil$Base:10$Altura:26 cm$Ancho:21$Tipo de cierre:Cremallera$Material del interior:Textil;
MASALA;Mujer;Mochila;negro;39,90€;Si;OS;MASALA-C50335;Material principal:Sintetico$Forro:Textil$Base:10$Altura:26 cm$Ancho:21$Tipo de cierre:Cremallera$Material del interior:Textil;
TACANA;Mujer;Botín;burdeos;49,90€;Si;36-37-38-39-40-41;50296-C48335;Material principal:Sintetico$Altura:4 cm$Material de la suela:Caucho$Tipo de tacón:Plano$Tipo de cierre:Cremallera$Material del interior:Sintético$Material de la planta:Sintético$Tipo de puntera:Redonda$Tipo de caña:Media;
ALMA;Mujer;Botín;burdeos;45,90€;Si;36-37-38-39-40-41;50192-C48335;Material principal:Sintetico$Altura:3 cm$Material de la suela:De goma$Tipo de tacón:Plano$Tipo de cierre:Cremallera$Material del interior:Sintético$Material de la planta:Sintético$Tipo de puntera:Redonda;
COSMO;Mujer;Botín;negro;89,90€;Si;37-38-39-40;51450-C51819;Material principal:Piel$Altura:7 cm$Material de la suela:Caucho$Tipo de tacón:Bloque$Tipo de cierre:Cremallera$Material del interior:Textil$Material de la planta:Piel$Tipo de puntera:Redonda$Tipo de caña:Media;
NEWCOSMO;Mujer;Bota;negro;89,90€;Si;36-37-38-39-40-41;51465-C51819;Material principal:Piel$Altura:7 cm$Material de la suela:Caucho$Tipo de tacón:Bloque$Tipo de cierre:Elástico$Material del interior:Textil$Material de la planta:Piel$Tipo de puntera:Redonda$Tipo de caña:Media;
CAMPANI;Mujer;Botín;negro;49,90€;No;?;50355-C47638;Material principal:Sintetico$Altura:3.50 cm$Material de la suela:Sintética$Tipo de tacón:Plano$Tipo de cierre:Cremallera$Material del interior:Sintético$Material de la planta:Sintético$Tipo de puntera:Redonda$Tipo de caña:Media;
CASIONE;Mujer;Botín;marron;89,90€;Si;37-38-39-41;50335-C51437;Material principal:Serraje$Altura:5 cm$Material de la suela:De goma$Tipo de tacón:Plano$Tipo de cierre:Sin cierre-Abiertos$Material del interior:Piel$Material de la planta:Piel$Tipo de puntera:Redonda$Tipo de caña:Media;
PANA;Mujer;Botín;negro;39,90€;Si;36-37-38-39-40-41;58712-C48487;Material principal:Sintetico$Altura:6 cm$Material de la suela:Sintética$Tipo de tacón:Plano$Tipo de cierre:Elástico$Material del interior:Sintético$Material de la planta:Sintético$Tipo de puntera:Redonda$Tipo de caña:Baja;
CLOSE;Mujer;Botín;negro;49,90€;Si;37-38-39-40-41;58267-C47638;Material principal:Sintetico$Altura:5 cm$Material de la suela:Caucho$Tipo de tacón:Plano$Tipo de cierre:Cremallera$Material del interior:Sintético$Material de la planta:Sintético$Tipo de puntera:Redonda$Tipo de caña:Media;
STORMI;Mujer;Botín;negro;49,90€;Si;36-37-38-39-40-41;58709-C47638;Material principal:Sintetico$Altura:5 cm$Material de la suela:Caucho$Tipo de tacón:Plano$Tipo de cierre:Cremallera$Material del interior:Sintético$Material de la planta:Sintético$Tipo de puntera:Redonda$Tipo de caña:Media;
CALM;Mujer;Botín;negro;49,90€;Si;36-37-38-39-40;50270-C47638;Material principal:Sintetico$Altura:3 cm$Material de la suela:De goma$Tipo de tacón:Plano$Tipo de cierre:Cremallera$Material del interior:Sintético$Material de la planta:Sintético$Tipo de puntera:Redonda$Tipo de caña:Media;
SAGITTI;Mujer;Botín;negro;49,90€;Si;36-37-38-39-40;58907-C50055;Material principal:Sintetico$Altura:4.50 cm$Material de la suela:Caucho$Tipo de tacón:Plano$Tipo de cierre:Cremallera$Material del interior:Sintético$Material de la planta:Sintético$Tipo de puntera:Redonda$Tipo de caña:Media;
ERIS;Mujer;Botín;negro;45,90€;Si;36-37-39-41;50495-C35442;Material principal:Sintetico$Altura:5 cm$Material de la suela:De goma$Tipo de tacón:Bloque$Tipo de cierre:Cordones$Material del interior:Sintético$Material de la planta:Sintético$Tipo de puntera:Redonda$Tipo de caña:Media;
LAIMA;Mujer;BOTÍN;negro;49,90€;Si;38-39-40-41;58604-C47168;Material principal:Sintetico$Altura:7.50 cm$Material de la suela:De goma$Tipo de tacón:Bloque$Tipo de cierre:Cremallera$Material del interior:Sintético$Material de la planta:Sintético$Tipo de puntera:Redonda$Tipo de caña:Media;
BASS;Mujer;Zapato;negro;39,90€;Si;38-39-40-41;50269-C48487;Material principal:Sintetico$Altura:8 cm$Material de la suela:Caucho$Tipo de tacón:Bloque$Tipo de cierre:Cordones$Material del interior:Sintético$Material de la planta:Sintético$Tipo de puntera:Redonda;
ANI;Mujer;Zapato;negro;36,90€;Si;36-37-38-39-40-41;58428-C48487;Material principal:Sintetico$Altura:6 cm$Material de la suela:De goma$Tipo de tacón:Plano$Tipo de cierre:Cordones$Material del interior:Sintético$Material de la planta:Sintético$Tipo de puntera:Redonda;
ALISE;Mujer;Zapato;negro;45,90€;Si;36-37-38-39-40-41;58367-C50055;Material principal:Sintetico$Altura:5 cm$Material de la suela:Caucho$Tipo de tacón:Bloque$Tipo de cierre:Cordones$Material del interior:Sintético$Material de la planta:Sintético$Tipo de puntera:Redonda;
GLANY;Mujer;Zapatos;negro;45,90€;Si;37-38-39-40-41;50150-C27784;Material principal:Sintetico$Altura:7 cm$Material de la suela:De goma$Tipo de tacón:Bloque$Tipo de cierre:Sin cierre-Abiertos$Material del interior:Sintético$Material de la planta:Sintético$Tipo de puntera:Redonda;
GLASI;Mujer;Zapato;negro;45,90€;Si;37-38-39-40;58574-C50061;Material principal:Sintetico$Altura:7 cm$Material de la suela:De goma$Tipo de tacón:Bloque$Tipo de cierre:Cordones$Material del interior:Sintético$Material de la planta:Sintético$Tipo de puntera:Redonda;
ALMA;Mujer;Botín;cuero;45,90€;Si;37-38-39-40-41;50192-C50144;Material principal:Sintetico$Altura:3 cm$Material de la suela:Sintética$Tipo de tacón:Plano$Tipo de cierre:Cordones$Material del interior:Sintético$Material de la planta:Sintético$Tipo de puntera:Redonda$Tipo de caña:Media;
GLASI;Mujer;Zapato;marron;45,90€;Si;37-38-39-40-41;58574-C50060;Material principal:Sintetico$Altura:7 cm$Material de la suela:De goma$Tipo de tacón:Bloque$Tipo de cierre:Cordones$Material del interior:Sintético$Material de la planta:Sintético$Tipo de puntera:Redonda;
LANSA;Mujer;Bota;marron;59,90€;Si;36-37-38-39-40;50280-C27834;Material principal:Sintetico$Altura:7 cm$Material de la suela:De goma$Tipo de tacón:Vaquero$Tipo de cierre:Cremallera$Material del interior:Sintético$Material de la planta:Goma$Tipo de puntera:Redonda$Tipo de caña:Alta;
PANA;Mujer;Botín;marron;39,90€;Si;36-37-38-39-40-41;58712-C27834;Material principal:Sintetico$Altura:6 cm$Material de la suela:Sintética$Tipo de tacón:Plano$Tipo de cierre:Elástico$Material del interior:Sintético$Material de la planta:Sintético$Tipo de puntera:Redonda$Tipo de caña:Baja;
RIANA;Mujer;Bota;marron;55,90€;Si;36-37-38-39-40-41;50172-C50091;Material principal:Sintetico$Altura:7.50 cm$Material de la suela:Sintética$Tipo de tacón:Bloque$Tipo de cierre:Cremallera$Material del interior:Sintético$Material de la planta:Sintético$Tipo de puntera:Redonda$Tipo de caña:Alta;
SYRA;Mujer;Botín;marron;89,90€;Si;38-39-40;50347-C51437;Material principal:Piel$Altura:8 cm$Material de la suela:De goma$Tipo de tacón:Bloque$Tipo de cierre:Cremallera$Material del interior:Piel$Material de la planta:Piel$Tipo de puntera:Afilada$Tipo de caña:Baja;
WESTER;Mujer;Botín;marron;89,90€;Si;36-38-39;50341-C49743;Material principal:Piel$Altura:8 cm$Material de la suela:De goma$Tipo de tacón:Bloque$Tipo de cierre:Elástico$Material del interior:Piel$Material de la planta:Piel$Tipo de puntera:Afilada$Tipo de caña:Baja;
MARILYN;Mujer;Bota;cuero;99,90€;Si;40;58134-C49890;Material principal:Piel$Altura:8.50 cm$Material de la suela:Madera$Tipo de tacón:Bloque$Tipo de cierre:Cremallera$Material del interior:Piel$Material de la planta:Piel$Tipo de puntera:Afilada$Tipo de caña:Alta;
bandolera LIVA;Mujer;Bolso;marron;29,90€;Si;OS;LIVA-C50296;Material principal:Sintetico$Base:6$Altura:15 cm$Ancho:23$Tipo de cierre:Solapa$Material del interior:Textil;
bandolera LIVA;Mujer;Bolso;marron;29,90€;Si;OS;LIVA-C50300;Material principal:Sintetico$Base:6$Altura:15 cm$Ancho:23$Tipo de cierre:Solapa$Material del interior:Textil;
LACIO;Mujer;Bolso;negro;36,90€;Si;OS;LACIO-C50297;Material principal:Sintetico$Base:20$Altura:31 cm$Ancho:39$Tipo de cierre:Cremallera$Material del interior:Textil;
bandolera CAPRI;Mujer;Bolso;negro;36,90€;Si;OS;CAPRI-C50292;Material principal:Sintetico$Base:9$Altura:17 cm$Ancho:26$Tipo de cierre:Solapa$Material del interior:Textil;
bandolera MESINA;Mujer;Bolso;negro;36,90€;Si;OS;MESINA-C50335;Material principal:Sintetico$Forro:Textil$Base:7.50$Altura:14 cm$Ancho:21$Tipo de cierre:Cremallera$Material del interior:Sintético;
bandolera MESINA;Mujer;Bolso;marron;36,90€;Si;OS;MESINA-C50336;Material principal:Sintetico$Forro:Textil$Base:7.50$Altura:14 cm$Ancho:21$Tipo de cierre:Cremallera$Material del interior:Sintético;
CASIONE;Mujer;Botín;negro;89,90€;Si;36-37-38-39-40-41;50335-C47013;Material principal:Serraje$Altura:5 cm$Material de la suela:Sintética$Tipo de tacón:Plano$Tipo de cierre:Sin cierre-Abiertos$Material del interior:Piel$Material de la planta:Piel$Tipo de puntera:Redonda$Tipo de caña:Media;
alta CASIO;Mujer;Bota;negro;99,90€;Si;37-38-39-40-41;50336-C47013;Material principal:Serraje$Altura:5 cm$Material de la suela:Madera$Tipo de tacón:Plano$Tipo de cierre:Sin cierre-Abiertos$Material del interior:Piel$Material de la planta:Piel$Tipo de puntera:Redonda$Tipo de caña:Alta;
MYRA;Mujer;Bota;negro;99,90€;Si;39;50340-C47013;Material principal:Serraje$Altura:8 cm$Material de la suela:De goma$Tipo de tacón:Bloque$Tipo de cierre:Sin cierre-Abiertos$Material del interior:Piel$Material de la planta:Piel$Tipo de puntera:Afilada$Tipo de caña:Alta;
ARES;Mujer;Bota;negro;99,90€;Si;38-39-41;58964-C49742;Material principal:Piel$Altura:5 cm$Material de la suela:Madera$Tipo de tacón:Bloque$Tipo de cierre:Cremallera$Material del interior:Piel$Material de la planta:Piel$Tipo de puntera:Afilada$Tipo de caña:Alta;
FENTA;Mujer;Bota;negro;59,90€;Si;36-37-38-39;50287-C27784;Material principal:Sintetico$Altura:8.50 cm$Material de la suela:De goma$Tipo de tacón:Bloque$Tipo de cierre:Cremallera$Material del interior:Sintético$Material de la planta:Sintético$Tipo de puntera:Redonda$Tipo de caña:Alta;
ALISON;Mujer;Bota;negro;59,90€;Si;37-39;50290-C49874;Material principal:Sintetico$Altura:7.50 cm$Material de la suela:De goma$Tipo de tacón:Vaquero$Tipo de cierre:Cremallera$Material del interior:Sintético$Material de la planta:Goma$Tipo de puntera:Redonda$Tipo de caña:Alta;
ANTRAM;Mujer;Bolso;beige;45,90€;No;?;ANTRAM-C50270;Material principal:Sintetico$Base:14$Altura:32 cm$Ancho:32$Tipo de cierre:Cremallera$Material del interior:Textil;
ROMA;Mujer;Bolso;marron;36,90€;Si;OS;ROMA-C50282;Material principal:Sintetico$Base:10$Altura:15 cm$Ancho:23$Tipo de cierre:Cremallera$Material del interior:Textil;
RIMINI;Mujer;Bolso;negro;45,90€;Si;OS;RIMINI-C50280;Material principal:Sintetico$Forro:Textil$Base:9$Altura:29 cm$Ancho:35$Tipo de cierre:Cremallera$Material del interior:Sintético;
de bandolera BARI;Mujer;Bolso;negro;36,90€;Si;OS;BARI-C50261;Material principal:Sintetico$Base:7$Altura:14.50 cm$Ancho:22$Tipo de cierre:Solapa$Material del interior:Textil;
bandolera EMILIA;Mujer;Bolso;negro;36,90€;Si;OS;EMILIA-C50379;Material principal:Sintetico$Forro:Textil$Base:6$Altura:16 cm$Ancho:22$Tipo de cierre:Cremallera$Material del interior:Textil;
ROMA;Mujer;Bolso;negro;36,90€;Si;OS;ROMA-C50280;Material principal:Sintetico$Base:10$Altura:15 cm$Ancho:23$Tipo de cierre:Cremallera$Material del interior:Textil;
TEO;Mujer;Bota;marron;99,90€;Si;37-38-39-40-41;58964-C5531;Material principal:Piel$Altura:5 cm$Material de la suela:Madera$Tipo de tacón:Bloque$Tipo de cierre:Cremallera$Material del interior:Piel$Material de la planta:Piel$Tipo de puntera:Afilada$Tipo de caña:Alta;
serraje ARES;Mujer;Bota;cuero;89,90€;Si;36-37-38-39-40-41;58964-C47011;Material principal:Serraje$Altura:5 cm$Material de la suela:Madera$Tipo de tacón:Bloque$Tipo de cierre:Cremallera$Material del interior:Piel$Material de la planta:Piel$Tipo de puntera:Afilada$Tipo de caña:Alta;
ARES;Mujer;BOTA;marron;99,90€;Si;36-37-40-41;58964-C49744;Material principal:Piel$Altura:5 cm$Material de la suela:Madera$Tipo de tacón:Bloque$Tipo de cierre:Cremallera$Material del interior:Piel$Material de la planta:Piel$Tipo de puntera:Afilada$Tipo de caña:Alta;
ARIA;Mujer;Deportiva;blanco;29,90€;Si;36-37-38-39-40-41;69862-C50178;Material principal:Sintetico$Altura:1.50 cm$Material de la suela:De goma$Tipo de tacón:Plano$Tipo de cierre:Cordones$Material del interior:Sintético$Material de la planta:Sintético$Tipo de puntera:Redonda;
serraje ARES;Mujer;Bota;beige;89,90€;Si;36-37-38-40-41;58964-C49846;Material principal:Serraje$Altura:5 cm$Material de la suela:Madera$Tipo de tacón:Bloque$Tipo de cierre:Cremallera$Material del interior:Piel$Material de la planta:Piel$Tipo de puntera:Afilada$Tipo de caña:Alta;
TEMI;Mujer;Deportiva;negro;36,90€;Si;37-38-39-40-41;69650-C20291;Material principal:Sintetico$Altura:2 cm$Material de la suela:Caucho$Tipo de tacón:Plano$Tipo de cierre:Cordones$Material del interior:Textil$Material de la planta:Textil$Tipo de puntera:Redonda;
LAMBY;Mujer;Deportiva;marron;49,90€;Si;36-39-40-41;69569-C50715;Material principal:Sintetico$Altura:7.50 cm$Material de la suela:De goma$Tipo de tacón:Cuña$Tipo de cierre:Cordones$Material del interior:Sintético$Material de la planta:Sintético$Tipo de puntera:Redonda;
ACTIOM;Mujer;Deportiva;negro;29,90€;Si;36-37-38-39-40;69463-C20291;Material principal:Sintetico$Altura:2 cm$Material de la suela:De goma$Tipo de tacón:Plano$Tipo de cierre:Cordones$Material del interior:Textil$Material de la planta:Textil$Tipo de puntera:Redonda;
ACTIOM;Mujer;Deportiva;blanco;29,90€;Si;37-38-39-40;69463-C19667;Material principal:Sintetico$Altura:2 cm$Material de la suela:De goma$Tipo de tacón:Plano$Tipo de cierre:Cordones$Material del interior:Textil$Material de la planta:Textil$Tipo de puntera:Redonda;
WHIEL;Mujer;Deportiva;blanco;39,90€;Si;36-37-38-39-40-41;69711-C50128;Material principal:Sintetico$Altura:2.50 cm$Material de la suela:De goma$Tipo de tacón:Plano$Tipo de cierre:Cordones$Material del interior:Textil$Material de la planta:FOAM$Tipo de puntera:Redonda;
CORE;Mujer;Dpeortiva;nude;39,90€;Si;36-37-38-39-40-41;69418-C50113;Material principal:Sintetico$Altura:2.50 cm$Material de la suela:De goma$Tipo de tacón:Plano$Tipo de cierre:Cordones$Material del interior:Textil$Material de la planta:FOAM$Tipo de puntera:Redonda;
CAM;Mujer;Deportiva;azul;39,90€;Si;36-37-38-39-40;69705-C50132;Material principal:Sintetico$Altura:2.50 cm$Material de la suela:De goma$Tipo de tacón:Plano$Tipo de cierre:Cordones$Material del interior:Sintético$Material de la planta:Sintético$Tipo de puntera:Redonda;
LANA;Mujer;Deportiva;blanco;45,90€;Si;36-37-38-39-40-41;69165-C49060;Material principal:Sintetico$Altura:4.50 cm$Material de la suela:De goma$Tipo de tacón:Cuña$Tipo de cierre:Cordones$Material del interior:Textil$Material de la planta:Sintético$Tipo de puntera:Redonda;
LANA;Mujer;Deportiva;negro;45,90€;Si;36-37-38-39-40;69165-C45024;Material principal:Sintetico$Altura:4.50 cm$Material de la suela:De goma$Tipo de tacón:Cuña$Tipo de cierre:Cordones$Material del interior:Textil$Material de la planta:Sintético$Tipo de puntera:Redonda;
ROSSI;Mujer;Deportiva;gris;49,90€;Si;36-37-38-39-40-41;69598-C22837;Material principal:Sintetico$Altura:5.50 cm$Material de la suela:De goma$Tipo de tacón:Cuña$Tipo de cierre:Cordones$Material del interior:Sintético$Material de la planta:FOAM$Tipo de puntera:Redonda;
CAM;Mujer;Deportiva;marron;39,90€;Si;36-37-38-39-40-41;69705-C50131;Material principal:Sintetico$Altura:2.50 cm$Material de la suela:De goma$Tipo de tacón:Plano$Tipo de cierre:Cordones$Material del interior:Sintético$Material de la planta:Sintético$Tipo de puntera:Redonda;
PERDANG;Mujer;Deportiva;verde;39,90€;Si;36-37-38-39-40-41;69859-C50133;Material principal:Sintetico$Forro:Textil$Altura:2.50 cm$Material de la suela:Caucho$Tipo de tacón:Plano$Tipo de cierre:Cordones$Material del interior:Textil$Material de la planta:FOAM$Tipo de puntera:Redonda;
CAM;Mujer;Deportiva;rosa;39,90€;Si;36-37-38-39-41;69705-C50098;Material principal:Sintetico$Altura:2.50 cm$Material de la suela:De goma$Tipo de tacón:Plano$Tipo de cierre:Cordones$Material del interior:Sintético$Material de la planta:Sintético$Tipo de puntera:Redonda;
GRAPPA;Mujer;Bolso;verde;39,90€;Si;OS;GRAPPA-C50312;Material principal:Sintetico$Forro:Textil$Base:14$Altura:25 cm$Ancho:30$Tipo de cierre:Cremallera$Material del interior:Textil;
LENA;Mujer;Bota;marron;59,90€;Si;38-39-40-41;58694-C27834;Material principal:Sintetico$Altura:6 cm$Material de la suela:De goma$Tipo de tacón:Plano$Tipo de cierre:Cremallera$Material del interior:Sintético$Material de la planta:Sintético$Tipo de puntera:Afilada$Tipo de caña:Alta;
LAMBRA;Mujer;Botín;negro;49,90€;Si;36-37-38-39-40-41;50187-C50074;Material principal:Sintetico$Altura:8 cm$Material de la suela:De goma$Tipo de tacón:Bloque$Tipo de cierre:Cremallera$Material del interior:Sintético$Material de la planta:Sintético$Tipo de puntera:Afilada$Tipo de caña:Baja;
LAMBRA;Mujer;Botín;marron;49,90€;Si;36-37-38-39-40-41;50187-C50166;Material principal:Sintetico$Altura:8 cm$Material de la suela:De goma$Tipo de tacón:Bloque$Tipo de cierre:Cremallera$Material del interior:Sintético$Material de la planta:Sintético$Tipo de puntera:Afilada$Tipo de caña:Baja;
TANUBIS;Mujer;Botín;marron;49,90€;Si;37-38-39-40;58685-C27834;Material principal:Sintetico$Altura:6 cm$Material de la suela:De goma$Tipo de tacón:Plano$Tipo de cierre:Cremallera$Material del interior:Sintético$Material de la planta:Sintético$Tipo de puntera:Afilada$Tipo de caña:Media;
TANUBIS;Mujer;Botín;negro;49,90€;Si;36-37-38-39-40;58685-C27784;Material principal:Sintetico$Altura:6 cm$Material de la suela:De goma$Tipo de tacón:Plano$Tipo de cierre:Cremallera$Material del interior:Sintético$Material de la planta:Sintético$Tipo de puntera:Afilada$Tipo de caña:Media;
TANUBIS;Mujer;Botín;taupe;49,90€;Si;36-37-38-39-40-41;58685-C28595;Material principal:Sintetico$Altura:6 cm$Material de la suela:De goma$Tipo de tacón:Plano$Tipo de cierre:Cremallera$Material del interior:Sintético$Material de la planta:Sintético$Tipo de puntera:Afilada$Tipo de caña:Media;
LUNI;Mujer;Botín;marron;49,90€;Si;36-37-38-39-40;58616-C50073;Material principal:Sintetico$Altura:6 cm$Material de la suela:De goma$Tipo de tacón:Bloque$Tipo de cierre:Elástico$Material del interior:Sintético$Material de la planta:Sintético$Tipo de puntera:Afilada$Tipo de caña:Baja;
SAMBRA;Mujer;Bota;marron;55,90€;Si;36-37-38-39-40;50255-C50166;Material principal:Textil$Altura:8 cm$Material de la suela:Sintética$Tipo de tacón:Vaquero$Tipo de cierre:Cremallera$Material del interior:Sintético$Material de la planta:Sintético$Tipo de puntera:Afilada$Tipo de caña:Media;
LEO;Mujer;Deportiva;azul;39,90€;Si;36-37-38-39-40;69441-C10123;Material principal:Sintetico$Altura:2.50 cm$Material de la suela:De goma$Tipo de tacón:Plano$Tipo de cierre:Cordones$Material del interior:Textil$Material de la planta:FOAM$Tipo de puntera:Redonda;
ALICE;Mujer;Deportiva;blanco;39,90€;Si;36-37-38-39-40;69033-C50100;Material principal:Sintetico$Altura:4 cm$Material de la suela:De goma$Tipo de tacón:Plano$Tipo de cierre:Cordones$Material del interior:Sintético$Material de la planta:FOAM$Tipo de puntera:Redonda;
ANA;Mujer;Deportiva;blanco;45,90€;Si;36-37-38-39-40-41;69601-C50175;Material principal:Sintetico$Altura:4.50 cm$Material de la suela:De goma$Tipo de tacón:Cuña$Tipo de cierre:Cordones$Material del interior:Textil$Material de la planta:FOAM$Tipo de puntera:Redonda;
LANA;Mujer;Deportivas;plata;39,90€;Si;36-39;69169-C35140;Material principal:Sintetico$Altura:3 cm;
ARIA;Mujer;Deportiva;blanco;29,90€;Si;36-37-38-39-40;69862-C50177;Material principal:Sintetico$Altura:1.50 cm$Material de la suela:De goma$Tipo de tacón:Plano$Tipo de cierre:Cordones$Material del interior:Sintético$Material de la planta:Sintético$Tipo de puntera:Redonda;
de mujer ANCONA;Mujer;Bolso;negro;45,90€;Si;OS;ANCONA-C50265;Material principal:Sintetico$Base:14$Altura:32 cm$Ancho:32$Tipo de cierre:Cremallera$Material del interior:Textil;
ALBA;Mujer;Mochila;negro;39,90€;Si;OS;ALBA-C50265;Material principal:Sintetico$Base:18$Altura:32.50 cm$Ancho:27.50$Tipo de cierre:Cordones$Material del interior:Textil;
MARTIN;Mujer;Bolso;negro;45,90€;Si;OS;MARTIN-C50335;Material principal:Sintetico$Forro:Textil$Base:9.50$Altura:28.50 cm$Ancho:42.50$Tipo de cierre:Cremallera$Material del interior:Sintético;
bandolera GROSSO;Mujer;Bolso;verde;29,90€;Si;OS;GROSSO-C50312;Material principal:Sintetico$Base:6.50$Altura:17 cm$Ancho:24$Tipo de cierre:Cremallera$Material del interior:Textil;
bandolera EMILIA;Mujer;Bolso;marron;36,90€;Si;OS;EMILIA-C50380;Material principal:Sintetico$Forro:Textil$Base:6$Altura:16 cm$Ancho:22$Tipo de cierre:Cremallera$Material del interior:Textil;
GLAMI;Mujer;Botín;taupe;55,90€;Si;36-37-38-39-40-41;58714-C50143;Material principal:Sintetico$Altura:7 cm$Material de la suela:Caucho$Tipo de tacón:Bloque$Tipo de cierre:Cremallera$Material del interior:Sintético$Material de la planta:Sintético$Tipo de puntera:Redonda$Tipo de caña:Media;
BURNY;Mujer;Botín;negro;55,90€;Si;36-37-38-39-40-41;58674-C50055;Material principal:Sintetico$Altura:5 cm$Material de la suela:Caucho$Tipo de tacón:Bloque$Tipo de cierre:Cremallera$Material del interior:Sintético$Material de la planta:Sintético$Tipo de puntera:Redonda$Tipo de caña:Media;
MAYRA;Mujer;Botín;negro;49,90€;Si;37-38-39-40;58679-C47638;Material principal:Sintetico$Altura:5 cm$Material de la suela:Caucho$Tipo de tacón:Bloque$Tipo de cierre:Cremallera$Material del interior:Sintético$Material de la planta:Sintético$Tipo de puntera:Redonda$Tipo de caña:Media;
NOEL;Mujer;Bota;negro;59,90€;Si;38-39-40-41;50307-C14596;Material principal:Sintetico$Altura:6 cm$Material de la suela:De goma$Tipo de tacón:Bloque$Tipo de cierre:Cremallera$Material del interior:Sintético$Material de la planta:Sintético$Tipo de puntera:Redonda$Tipo de caña:Alta;
SAMBRA;Mujer;Bota;taupe;55,90€;Si;36-37-38-39-40-41;50255-C50165;Altura:8 cm$Material de la suela:Sintética;
LANSA;Mujer;Bota;negro;59,90€;Si;36-37-38-39-40-41;50280-C27784;Material principal:Sintetico$Altura:7 cm$Material de la suela:De goma$Tipo de tacón:Vaquero$Tipo de cierre:Cremallera$Material del interior:Sintético$Material de la planta:Goma$Tipo de puntera:Redonda$Tipo de caña:Alta;
NEW PALAS;Mujer;Botín;marron;55,90€;Si;36-37-38-39-40;50275-C27834;Material principal:Sintetico$Altura:7 cm$Material de la suela:De goma$Tipo de tacón:Bloque$Tipo de cierre:Cremallera$Material del interior:Sintético$Material de la planta:Sintético$Tipo de puntera:Afilada$Tipo de caña:Media;
MAXI;Mujer;Deportiva;blanco;36,90€;Si;36-37-38-39-40-41;69947-C19667;Material principal:Sintetico$Forro:Textil$Altura:2.50 cm$Material de la suela:De goma$Tipo de tacón:Plano$Tipo de cierre:Cordones$Material del interior:Textil$Material de la planta:FOAM$Tipo de puntera:Redonda;
JOGGO;Mujer;Deportivo;rosa;39,90€;Si;36-37-38-39-40;69362-C50130;Material principal:Sintetico$Altura:2.50 cm$Tipo de tacón:Plano$Tipo de cierre:Cordones$Material del interior:Textil$Material de la planta:FOAM$Tipo de puntera:Redonda;
ELLE;Mujer;Deportiva;rosa;36,90€;Si;36-37-38-39-41;69434-C50183;Material principal:Sintetico$Altura:3 cm$Material de la suela:De goma$Tipo de tacón:Plano$Tipo de cierre:Cordones$Material del interior:Sintético$Material de la planta:Sintético$Tipo de puntera:Redonda;
LEXIA;Mujer;Deportiva;negro;45,90€;Si;37-38-39-41;69426-C50042;Material principal:Sintetico$Altura:4.50 cm$Material de la suela:De goma$Tipo de tacón:Plano$Tipo de cierre:Cordones$Material del interior:Textil$Material de la planta:FOAM$Tipo de puntera:Redonda;
SAONA;Mujer;Deportiva;negro;45,90€;Si;36-37-38-39-40-41;69612-C50051;Material principal:Sintetico$Altura:4.50 cm$Material de la suela:De goma$Tipo de tacón:Plano$Tipo de cierre:Cordones$Material del interior:Sintético$Material de la planta:Sintético$Tipo de puntera:Redonda;
ELBA;Mujer;Mochila;marron;39,90€;Si;OS;ELBA-C50380;Material principal:Sintetico$Forro:Textil$Base:12$Altura:30.50 cm$Ancho:28$Tipo de cierre:Cremallera$Material del interior:Textil;
ELBA;Mujer;Mochila;negro;39,90€;Si;OS;ELBA-C50379;Material principal:Sintetico$Base:12$Altura:30.50 cm$Ancho:28$Tipo de cierre:Cremallera$Material del interior:Textil;
INSTAN;Mujer;Mochila;marron;39,90€;Si;OS;INSTAN-C50345;Material principal:Sintetico$Forro:Textil$Base:11$Altura:26 cm$Ancho:22$Tipo de cierre:Cremallera$Material del interior:Textil;
INSTAN;Mujer;Mochila;negro;39,90€;Si;OS;INSTAN-C50346;Material principal:Sintetico$Base:11$Altura:26 cm$Ancho:22$Tipo de cierre:Cremallera$Material del interior:Textil;
ASTI;Mujer;Bolso;negro;36,90€;Si;OS;ASTI-C50271;Material principal:Sintetico$Base:13$Altura:23 cm$Ancho:22$Tipo de cierre:Cremallera$Material del interior:Textil;
ASTI;Mujer;Mochila;marron;36,90€;Si;OS;ASTI-C50270;Material principal:Sintetico$Base:13$Altura:23 cm$Ancho:22$Tipo de cierre:Cremallera$Material del interior:Textil;
STAVIA;Mujer;Bolso;marron;42,90€;Si;OS;STAVIA-C50286;Material principal:Sintetico$Base:16$Altura:22 cm$Ancho:32$Tipo de cierre:Cremallera$Material del interior:Textil;
CELANDIA;Mujer;Bota;beige;99,90€;Si;36-37-38-39-40;50223-C47017;Material principal:Serraje$Altura:5.50 cm$Material de la suela:Madera$Tipo de tacón:Bloque$Tipo de cierre:Sin cierre-Abiertos$Material del interior:Piel$Material de la planta:Piel$Tipo de puntera:Afilada$Tipo de caña:Alta;
MYRA;Mujer;Bota;burdeos;99,90€;Si;36-37-38-39-40-41;50340-C50405;Material principal:Serraje$Altura:8 cm$Material de la suela:De goma$Tipo de tacón:Bloque$Tipo de cierre:Sin cierre-Abiertos$Material del interior:Piel$Material de la planta:Piel$Tipo de puntera:Afilada$Tipo de caña:Alta;
CENTA;Mujer;Bota;marron;99,90€;Si;36-37-38-39-41;50251-C50444;Material principal:Serraje$Forro:Piel$Altura:5.50 cm$Material de la suela:Madera$Tipo de tacón:Bloque$Tipo de cierre:Sin cierre-Abiertos$Material del interior:Piel$Material de la planta:Piel$Tipo de puntera:Afilada$Tipo de caña:Alta;
PANA;Mujer;Botín;marron;39,90€;Si;36-37-38-39-40-41;58712-C28595;Material principal:Sintetico$Altura:6 cm$Material de la suela:Sintética$Tipo de tacón:Plano$Tipo de cierre:Elástico$Material del interior:Sintético$Material de la planta:Sintético$Tipo de puntera:Redonda$Tipo de caña:Baja;
ERIS;Mujer;BOTÍN;marron;45,90€;Si;36-40-41;58656-C35920;Material principal:Sintetico$Altura:5 cm$Material de la suela:De goma$Tipo de tacón:Bloque$Tipo de cierre:Elástico$Material del interior:Sintético$Material de la planta:Sintético$Tipo de puntera:Redonda$Tipo de caña:Baja;
VICKY;Mujer;Botin;negro;39,90€;Si;37-38;58589-C47455;Material principal:Sintetico$Altura:5 cm$Material de la suela:Sintética$Tipo de tacón:Bloque$Tipo de cierre:Elástico$Material del interior:Sintético$Material de la planta:Sintético$Tipo de puntera:Redonda$Tipo de caña:Baja;
NEW WENDY;Mujer;Botín;marron;49,90€;Si;36-37-38-39-40;58165-C28595;Material principal:Sintetico$Altura:4 cm$Material de la suela:Interna$Tipo de tacón:Cuña$Tipo de cierre:Cremallera$Material del interior:Sintético$Material de la planta:Sintético$Tipo de puntera:Redonda$Tipo de caña:Baja;
TEMI;Mujer;Deportivas;blanco;36,90€;Si;36-37-38-39-40-41;69650-C19667;Material principal:Sintetico$Altura:2 cm$Material de la suela:Caucho$Tipo de tacón:Plano$Tipo de cierre:Cordones$Material del interior:Textil$Material de la planta:Textil$Tipo de puntera:Redonda;
de lona BIGGER-K;Mujer;Deportiva;negro;29,90€;Si;37-38-39-40;69423-C20462;Material principal:Textil$Altura:4 cm$Material de la suela:Caucho$Tipo de tacón:Plano$Tipo de cierre:Cordones$Material del interior:Textil$Material de la planta:Textil$Tipo de puntera:Redonda;
CRIS;Mujer;Deportiva;blanco;39,90€;Si;36-37-38-39-40-41;69496-C50180;Material principal:Sintetico$Altura:3.50 cm$Material de la suela:De goma$Tipo de tacón:Plano$Tipo de cierre:Cordones$Material del interior:Sintético$Material de la planta:Sintético$Tipo de puntera:Redonda;
CRIS;Mujer;Deportiva;nude;39,90€;Si;38-39-40-41;69496-C50181;Material principal:Sintetico$Altura:3.50 cm$Material de la suela:De goma$Tipo de tacón:Plano$Tipo de cierre:Cordones$Material del interior:Sintético$Material de la planta:Sintético$Tipo de puntera:Redonda;
KIMAX;Mujer;Deportivos;rosa;36,90€;Si;36-37-38-39-40-41;69624-C49328;Material principal:Sintetico$Altura:3.50 cm$Material de la suela:De goma$Tipo de tacón:Plano$Tipo de cierre:Cordones$Material del interior:Sintético$Material de la planta:FOAM$Tipo de puntera:Redonda;
KIMAX;Mujer;Deportiva;negro;36,90€;Si;37-38-39-40-41;69624-C50127;Material principal:Sintetico$Altura:3.50 cm$Material de la suela:De goma$Tipo de tacón:Plano$Tipo de cierre:Cordones$Material del interior:Sintético$Material de la planta:FOAM$Tipo de puntera:Redonda;
NEW WENDY;Mujer;Botín;cuero;49,90€;Si;36-37-38-39-40;58165-C27834;Material principal:Sintetico$Altura:4 cm$Material de la suela:Interna$Tipo de tacón:Cuña$Tipo de cierre:Cremallera$Material del interior:Sintético$Material de la planta:Sintético$Tipo de puntera:Redonda$Tipo de caña:Baja;
NEW WENDY;Mujer;Botín;negro;49,90€;Si;36-37-38-39-40-41;58165-C27784;Material principal:Sintetico$Altura:4 cm$Material de la suela:Interna$Tipo de tacón:Cuña$Tipo de cierre:Cremallera$Material del interior:Sintético$Material de la planta:Sintético$Tipo de puntera:Redonda$Tipo de caña:Baja;
GLASS;Mujer;BOTÍN;marron;49,90€;Si;36-40-41;58666-C27928;Material principal:Sintetico$Altura:6.50 cm$Material de la suela:De goma$Tipo de tacón:Bloque$Tipo de cierre:Cremallera$Material del interior:Sintético$Material de la planta:Sintético$Tipo de puntera:Redonda$Tipo de caña:Media;
GLASS;Mujer;BOTÍN;taupe;49,90€;Si;40-41;58666-C28595;Material principal:Sintetico$Altura:6.50 cm$Material de la suela:De goma$Tipo de tacón:Bloque$Tipo de cierre:Cremallera$Material del interior:Sintético$Material de la planta:Sintético$Tipo de puntera:Redonda$Tipo de caña:Media;
NEWSESENTA;Mujer;Botín;marron;49,90€;Si;37-38-39-40;50286-C27834;Material principal:Sintetico$Altura:8.50 cm$Material de la suela:De goma$Tipo de tacón:Bloque$Tipo de cierre:Cremallera$Material del interior:Sintético$Material de la planta:Sintético$Tipo de puntera:Redonda$Tipo de caña:Baja;
MANTU;Mujer;Mochila;marron;39,90€;Si;OS;MANTU-C50293;Material principal:Sintetico$Forro:Textil$Base:11$Altura:28 cm$Ancho:24$Tipo de cierre:Solapa$Material del interior:Sintético;
PARMA;Mujer;Bolso;negro;45,90€;Si;OS;PARMA-C50278;Material principal:Sintetico$Base:18$Altura:26 cm$Ancho:37$Tipo de cierre:Cremallera$Material del interior:Textil;
PARMA;Mujer;Bolso;marron;45,90€;Si;OS;PARMA-C50279;Material principal:Sintetico$Base:18$Altura:26 cm$Ancho:37$Tipo de cierre:Cremallera$Material del interior:Textil;
de mujer LIVORN;Mujer;Bolso;marron;36,90€;Si;OS;LIVORN-C50392;Material principal:Sintetico$Forro:Textil$Base:7$Altura:18 cm$Ancho:22$Tipo de cierre:Solapa$Material del interior:Sintético;
de mujer LIVORN;Mujer;Bolso;negro;36,90€;Si;OS;LIVORN-C32954;Material principal:Sintetico$Forro:Textil$Base:7$Altura:18 cm$Ancho:22$Tipo de cierre:Solapa$Material del interior:Sintético;
LENA;Mujer;Bota;negro;59,90€;Si;36-37-38-39-40-41;58694-C27784;Material principal:Sintetico$Altura:6 cm$Material de la suela:De goma$Tipo de tacón:Plano$Tipo de cierre:Cremallera$Material del interior:Sintético$Material de la planta:Sintético$Tipo de puntera:Afilada$Tipo de caña:Alta;
ANUBIS;Mujer;BOTA;marron;55,90€;Si;38;58662-C47320;Material principal:Sintetico$Altura:4 cm$Material de la suela:De goma$Tipo de tacón:Plano$Tipo de cierre:Cremallera$Material del interior:Sintético$Material de la planta:Sintético$Tipo de puntera:Afilada$Tipo de caña:Alta;
serraje CLEO;Mujer;Botin;cuero;79,90€;Si;36-37-38-39-40-41;58963-C47011;Material principal:Serraje$Altura:5 cm$Material de la suela:Forrada$Tipo de tacón:Bloque$Tipo de cierre:Cremallera$Material del interior:Piel$Material de la planta:Piel$Tipo de puntera:Afilada$Tipo de caña:Baja;
CLEO;Mujer;Botín;negro;79,90€;Si;38-39;58963-C49742;Material principal:Piel$Altura:5 cm$Material de la suela:Forrada$Tipo de tacón:Bloque$Tipo de cierre:Cremallera$Material del interior:Piel$Material de la planta:Piel$Tipo de puntera:Afilada$Tipo de caña:Baja;
DANAE;Mujer;Botin;cuero;79,90€;Si;36-37-38-39-40;58092-C47011;Material principal:Piel$Altura:5 cm$Material de la suela:Forrada$Tipo de tacón:Bloque$Tipo de cierre:Cremallera$Material del interior:Piel$Material de la planta:Piel$Tipo de puntera:Afilada$Tipo de caña:Baja;
LUNI;Mujer;Botín;negro;49,90€;Si;36-37-38-39-40;58616-C48487;Material principal:Sintetico$Altura:6 cm$Material de la suela:De goma$Tipo de tacón:Bloque$Tipo de cierre:Cremallera$Material del interior:Sintético$Material de la planta:Sintético$Tipo de puntera:Afilada$Tipo de caña:Baja;
NOW PALAS;Mujer;Botín;negro;49,90€;Si;36-37-38-39-40-41;58644-C50061;Material principal:Sintetico$Altura:7 cm$Material de la suela:De goma$Tipo de tacón:Bloque$Tipo de cierre:Cremallera$Material del interior:Sintético$Material de la planta:Sintético$Tipo de puntera:Redonda$Tipo de caña:Alta;
KANSAS;Mujer;BOTÍN;negro;89,90€;Si;36-37-38-39-40-41;58137-C49742;Material principal:Piel$Altura:8.50 cm$Material de la suela:Forrada$Tipo de tacón:Bloque$Tipo de cierre:Cremallera$Material del interior:Piel$Material de la planta:Piel$Tipo de puntera:Redonda$Tipo de caña:Media;
SOMO;Mujer;Deportiva;negro;39,90€;Si;36-37-38-39-40-41;69610-C50117;Material principal:Sintetico$Altura:5.50 cm$Material de la suela:De goma$Tipo de tacón:Plano$Tipo de cierre:Cordones$Material del interior:Textil$Material de la planta:FOAM$Tipo de puntera:Redonda;
SOMO;Mujer;Deportiva;gris;39,90€;Si;36-37-38-39-40-41;69610-C50118;Material principal:Sintetico$Altura:5.50 cm$Material de la suela:De goma$Tipo de tacón:Plano$Tipo de cierre:Cordones$Material del interior:Textil$Material de la planta:FOAM$Tipo de puntera:Redonda;
SOMO;Mujer;Deportiva;burdeos;39,90€;Si;36-37-38-40-41;69610-C50123;Material principal:Sintetico$Altura:5.50 cm$Material de la suela:De goma$Tipo de tacón:Plano$Tipo de cierre:Cordones$Material del interior:Textil$Material de la planta:FOAM$Tipo de puntera:Redonda;
SOMO;Mujer;Deportiva;azul;39,90€;Si;36-37-38-39-40-41;69610-C50121;Material principal:Sintetico$Altura:5.50 cm$Material de la suela:De goma$Tipo de tacón:Plano$Tipo de cierre:Cordones$Material del interior:Textil$Material de la planta:FOAM$Tipo de puntera:Redonda;
SOMO;Mujer;Deportiva;blanco;39,90€;Si;36-37-38-39-40-41;69610-C50120;Material principal:Sintetico$Altura:5.50 cm$Material de la suela:De goma$Tipo de tacón:Plano$Tipo de cierre:Cordones$Material del interior:Textil$Material de la planta:FOAM$Tipo de puntera:Redonda;
de lona BIGGER-K;Mujer;Deportiva;blanco;29,90€;Si;36-37-38-39;69423-I222;Material principal:Textil$Altura:4 cm$Material de la suela:Caucho$Tipo de tacón:Plano$Tipo de cierre:Cordones$Material del interior:Textil$Material de la planta:Textil$Tipo de puntera:Redonda;
KANSAS;Mujer;Botín;cuero;89,90€;Si;36-37-38-39-40-41;58137-C47011;Material principal:Piel$Altura:8.50 cm$Material de la suela:Forrada$Tipo de tacón:Bloque$Tipo de cierre:Cremallera$Material del interior:Piel$Material de la planta:Piel$Tipo de puntera:Redonda$Tipo de caña:Media;
DANAE;Mujer;Botín;azul;89,90€;Si;38-39-40;58092-C49891;Material principal:Piel$Altura:5 cm$Material de la suela:Forrada$Tipo de tacón:Bloque$Tipo de cierre:Cremallera$Material del interior:Piel$Material de la planta:Piel$Tipo de puntera:Afilada$Tipo de caña:Baja;
CELANDIA;Mujer;Bota;negro;99,90€;Si;36-37-38-39-40;50223-C47013;Material principal:Serraje$Altura:5.50 cm$Material de la suela:Madera$Tipo de tacón:Bloque$Tipo de cierre:Sin cierre-Abiertos$Material del interior:Piel$Material de la planta:Piel$Tipo de puntera:Afilada$Tipo de caña:Alta;
CENTA;Mujer;Bota;negro;99,90€;Si;36-37-38-40;50251-C47013;Material principal:Serraje$Altura:5.50 cm$Material de la suela:Madera$Tipo de tacón:Bloque$Tipo de cierre:Sin cierre-Abiertos$Material del interior:Piel$Material de la planta:Piel$Tipo de puntera:Afilada$Tipo de caña:Alta;
NENTA;Mujer;Botín;negro;89,90€;Si;36-37-38-39-40;50318-C49742;Material principal:Piel$Altura:5.50 cm$Material de la suela:De goma$Tipo de tacón:Bloque$Tipo de cierre:Sin cierre-Abiertos$Material del interior:Piel$Material de la planta:Piel$Tipo de puntera:Afilada$Tipo de caña:Baja;
MENSIA;Mujer;Bota;kaki;59,90€;Si;37-38-39-40-41;50294-C50089;Material principal:Sintetico$Altura:4.50 cm$Material de la suela:De goma$Tipo de tacón:Plano$Tipo de cierre:Cremallera$Material del interior:Sintético$Material de la planta:Sintético$Tipo de puntera:Redonda$Tipo de caña:Alta;
MENSIA;Mujer;Bota;cuero;59,90€;Si;36-37-38-39-40;50294-C50091;Material principal:Sintetico$Altura:4.50 cm$Material de la suela:De goma$Tipo de tacón:Plano$Tipo de cierre:Cremallera$Material del interior:Sintético$Material de la planta:Sintético$Tipo de puntera:Redonda$Tipo de caña:Alta;
CASIO;Mujer;Botas;burdeos;99,90€;Si;36-37-38-39-40;50336-C50405;Material principal:Serraje$Altura:5 cm$Tipo de tacón:Plano$Tipo de cierre:Sin cierre-Abiertos$Material del interior:Piel$Material de la planta:Piel$Tipo de puntera:Redonda$Tipo de caña:Alta;
SETENTA;Mujer;BOTÍN;negro;55,90€;Si;36-37-38-39-40-41;58651-C47176;Material principal:Sintetico$Altura:10 cm$Material de la suela:Sintética$Tipo de tacón:Bloque$Tipo de cierre:Cremallera$Material del interior:Sintético$Material de la planta:Sintético$Tipo de puntera:Redonda$Tipo de caña:Media;
MYRA;Mujer;Bota;negro;99,90€;Si;39;50340-C47013;Material principal:Piel$Altura:8 cm$Material de la suela:De goma$Tipo de tacón:Bloque$Tipo de cierre:Sin cierre-Abiertos$Material del interior:Piel$Material de la planta:Piel$Tipo de puntera:Afilada$Tipo de caña:Alta;
SETENTA;Mujer;BOTÍN;cuero;55,90€;Si;37-38-39-40-41;58651-C48265;Material principal:Sintetico$Altura:10 cm$Material de la suela:Sintética$Tipo de tacón:Bloque$Tipo de cierre:Cremallera$Material del interior:Sintético$Material de la planta:Sintético$Tipo de puntera:Redonda$Tipo de caña:Media;
LAMBY;Mujer;Deportiva;gris;49,90€;Si;36-37-38-39-40-41;69569-C50133;Material principal:Sintetico$Altura:7.50 cm$Material de la suela:De goma$Tipo de tacón:Cuña$Tipo de cierre:Cordones$Material del interior:Sintético$Material de la planta:Sintético$Tipo de puntera:Redonda;
JOGGO;Mujer;Deportiva;gris;39,90€;No;?;69362-C28903;Material principal:Sintetico$Altura:2.50 cm$Material de la suela:De goma$Tipo de tacón:Plano$Tipo de cierre:Cordones$Material del interior:Textil$Material de la planta:FOAM$Tipo de puntera:Redonda;
ROSSI;Mujer;Deportiva;negro;49,90€;Si;37-38-39-40-41;69598-C13609;Material principal:Sintetico$Altura:5.50 cm$Material de la suela:De goma$Tipo de tacón:Cuña$Tipo de cierre:Cordones$Material del interior:Sintético$Material de la planta:FOAM$Tipo de puntera:Redonda;
CELESTE;Mujer;Deportiva;beige;45,90€;Si;36-37-38-39-40-41;69603-C27820;Material principal:Sintetico$Altura:3.50 cm$Material de la suela:De goma$Tipo de tacón:Plano$Tipo de cierre:Cordones$Material del interior:Textil$Material de la planta:Sintético$Tipo de puntera:Redonda;
CARROT;Mujer;Deportiva;gris;49,90€;Si;36-37-38-39-40-41;69199-C50099;Material principal:Sintetico$Altura:5 cm$Material de la suela:De goma$Tipo de tacón:Cuña$Tipo de cierre:Cordones$Material del interior:Sintético$Material de la planta:Sintético$Tipo de puntera:Redonda;
LICE;Mujer;Deportiva;marron;39,90€;Si;36-37-38-39-40-41;69602-C27824;Material principal:Sintetico$Altura:4 cm$Material de la suela:De goma$Tipo de tacón:Plano$Tipo de cierre:Cordones$Material del interior:Sintético$Material de la planta:FOAM$Tipo de puntera:Redonda;
bandolera FIRENCE;Mujer;Bolso;negro;36,90€;Si;OS;FIRENCE-C50275;Material principal:Sintetico$Forro:Textil$Base:7$Altura:18 cm$Ancho:23$Tipo de cierre:Solapa$Material del interior:Textil;
bandolera LIVA;Mujer;Bolso;negro;29,90€;Si;OS;LIVA-C50297;Material principal:Sintetico$Base:6$Altura:15 cm$Ancho:23$Tipo de cierre:Solapa$Material del interior:Textil;
de mujer LIVORN;Mujer;Bolso;marron;36,90€;Si;OS;LIVORN-C50391;Material principal:Sintetico$Forro:Textil$Base:7$Altura:18 cm$Ancho:22$Tipo de cierre:Solapa$Material del interior:Sintético;
PALERMO;Mujer;Bolso;negro;45,90€;Si;OS;PALERMO-C50278;Material principal:Sintetico$Base:14$Altura:32 cm$Ancho:32$Tipo de cierre:Cremallera$Material del interior:Textil;
FRIULI;Mujer;Riñonera;negro;29,90€;Si;OS;FRIULI-C50275;Material principal:Sintetico$Forro:Textil$Base:0.50$Altura:14 cm$Ancho:32$Tipo de cierre:Cremallera$Material del interior:Sintético;
TERMOLI;Mujer;Bolso;negro;36,90€;Si;OS;TERMOLI-C50283;Material principal:Sintetico$Base:5.80$Altura:16 cm$Ancho:26$Tipo de cierre:Solapa$Material del interior:Sintético;
ALICE;Mujer;Deportiva;negro;39,90€;Si;36-37-38-39-40-41;69033-C50114;Material principal:Sintetico$Altura:4 cm$Material de la suela:De goma$Tipo de tacón:Plano$Tipo de cierre:Cordones$Material del interior:Sintético$Material de la planta:FOAM$Tipo de puntera:Redonda;
LANA;Mujer;Deportivas;gris;49,90€;Si;36-37-38-39-40-41;69557-C45490;Material principal:Sintetico$Altura:5 cm$Material de la suela:De goma$Tipo de tacón:Plano$Tipo de cierre:Cordones$Material del interior:Sintético$Material de la planta:Sintético$Tipo de puntera:Redonda;
ANA;Mujer;Deportiva;negro;45,90€;Si;36-37-38-39-40-41;69601-C50174;Material principal:Sintetico$Altura:4.50 cm$Material de la suela:De goma$Tipo de tacón:Cuña$Tipo de cierre:Cordones$Material del interior:Textil$Material de la planta:FOAM$Tipo de puntera:Redonda;
CARIER;Mujer;Deportiva;blanco;49,90€;Si;36-37-38-39-40-41;69465-C50100;Material principal:Sintetico$Altura:5 cm$Material de la suela:De goma$Tipo de tacón:Plataforma$Tipo de cierre:Cordones$Material del interior:Sintético$Material de la planta:Sintético$Tipo de puntera:Redonda;
CAMBY;Mujer;Deportiva;blanco;49,90€;Si;37-38-39-40-41;69587-C50175;Material principal:Sintetico$Altura:7.50 cm$Material de la suela:De goma$Tipo de tacón:Cuña$Tipo de cierre:Cordones$Material del interior:Sintético$Material de la planta:Sintético$Tipo de puntera:Redonda;
CARROT;Mujer;Deportiva;burdeos;49,90€;Si;37-38-39-40;69199-C50098;Material principal:Sintetico$Altura:5 cm$Material de la suela:De goma$Tipo de tacón:Cuña$Tipo de cierre:Cordones$Material del interior:Sintético$Material de la planta:Sintético$Tipo de puntera:Redonda;
plataforma TOP;Mujer;Deportiva;negro;49,90€;Si;38-39-40-41;69282-C24458;Material principal:Sintetico$Altura:6.50 cm;
NUBIS;Mujer;BOTÍN;marron;49,90€;Si;36-37-38-39-40-41;58027-C47320;Material principal:Sintetico$Altura:4 cm$Material de la suela:De goma$Tipo de tacón:Bloque$Tipo de cierre:Cremallera$Material del interior:Sintético$Material de la planta:Sintético$Tipo de puntera:Afilada$Tipo de caña:Media;
PALIX;Mujer;BOTÍN;marron;49,90€;Si;37-38-39-40-41;57994-C47320;Material principal:Sintetico$Altura:6 cm$Material de la suela:De goma$Tipo de tacón:Bloque$Tipo de cierre:Cremallera$Material del interior:Sintético$Material de la planta:Sintético$Tipo de puntera:Redonda$Tipo de caña:Media;
ARIA;Mujer;DEPORTIVA;blanco;45,99€;Si;36-37-39-40-41;69905-C48455;Material principal:Sintetico$Altura:5 cm$Material de la suela:De goma$Tipo de tacón:Plano$Tipo de cierre:Cordones$Material del interior:Sintético$Material de la planta:Sintético$Tipo de puntera:Redonda;
NEW OESTE;Mujer;BOTÍN;marron;49,90€;Si;39-40;57985-C47239;Material principal:Sintetico$Altura:5 cm$Material de la suela:De goma$Tipo de tacón:Bloque$Tipo de cierre:Cremallera$Material del interior:Sintético$Material de la planta:Sintético$Tipo de puntera:Redonda$Tipo de caña:Media;
NUBIS;Mujer;BOTÍN;taupe;49,90€;Si;38-39-40;58027-C47321;Material principal:Sintetico$Altura:4 cm$Material de la suela:De goma$Tipo de tacón:Bloque$Tipo de cierre:Cremallera$Material del interior:Sintético$Material de la planta:Sintético$Tipo de puntera:Afilada$Tipo de caña:Media;
NEW NAOMI;Mujer;BOTÍN;negro;49,90€;Si;40-41;57984-C35442;Material principal:Sintetico$Altura:9 cm$Material de la suela:De goma$Tipo de tacón:Bloque$Tipo de cierre:Cremallera$Material del interior:Sintético$Material de la planta:Sintético$Tipo de puntera:Redonda$Tipo de caña:Media;
NEW MILA;Mujer;BOTÍN;negro;49,90€;Si;39-41;58584-C35442;Material principal:Sintetico$Altura:9 cm$Material de la suela:De goma$Tipo de tacón:Bloque$Tipo de cierre:Cremallera$Material del interior:Sintético$Material de la planta:Sintético$Tipo de puntera:Redonda$Tipo de caña:Media;
TOSCA;Mujer;BOTÍN;negro;59,90€;Si;38-39-40;58858-C35442;Material principal:Textil$Altura:8 cm;
SABA;Mujer;BOTÍN;negro;45,99€;Si;41;58142-C35442;Material principal:Sintetico$Altura:6 cm$Material de la suela:De goma$Tipo de tacón:Bloque$Tipo de cierre:Cordones$Material del interior:Sintético$Material de la planta:Sintético$Tipo de puntera:Redonda$Tipo de caña:Media;
WAVEY;Mujer;Deportiva;gris;45,99€;Si;39-40-41;69180-C41635;Material principal:Sintetico$Altura:4.50 cm$Material de la suela:De goma$Tipo de tacón:Plataforma$Tipo de cierre:Cordones$Material del interior:Sintético$Material de la planta:Sintético$Tipo de puntera:Redonda;
SAYI;Mujer;Botín;negro;45,90€;No;?;58637-C35442;Material principal:Sintetico$Altura:6 cm$Material de la suela:Caucho$Tipo de tacón:Bloque$Tipo de cierre:Cremallera$Material del interior:Sintético$Material de la planta:Sintético$Tipo de puntera:Redonda$Tipo de caña:Media;
AMANAS;Mujer;Sandalias;negro;49,90€;Si;36-37-38-39-40;50662-C50049;Material principal:Sintetico$Altura:10 cm$Material de la suela:Forrada$Tipo de tacón:Bloque$Tipo de cierre:Hebilla$Material del interior:Sintético$Material de la planta:Sintético$Tipo de puntera:Abierta;
HIGHSCHOOL;Mujer;ZAPATO;negro;39,99€;Si;37-38-39-40-41;58610-C35442;Material principal:Sintetico$Altura:5 cm$Material de la suela:De goma$Tipo de tacón:Plataforma$Tipo de cierre:Cordones$Material del interior:Sintético$Material de la planta:Sintético$Tipo de puntera:Redonda;
TIVOLI;Mujer;Bolso;negro;32,90€;Si;OS;TIVOLI-C50283;Material principal:Sintetico$Base:1$Altura:20 cm$Ancho:27$Tipo de cierre:Cremallera$Material del interior:Textil;
ERIS;Mujer;BOTÍN;negro;45,90€;Si;36-37-39-40-41;58656-C35442;Material principal:Sintetico$Altura:5 cm$Material de la suela:De goma$Tipo de tacón:Bloque$Tipo de cierre:Elástico$Material del interior:Sintético$Material de la planta:Sintético$Tipo de puntera:Redonda$Tipo de caña:Baja;
CELANDIA;Mujer;Bota;cuero;99,90€;No;?;50223-C47011;Material principal:Serraje$Altura:5.50 cm$Material de la suela:Madera$Tipo de tacón:Bloque$Tipo de cierre:Sin cierre-Abiertos$Material del interior:Piel$Material de la planta:Piel$Tipo de puntera:Afilada$Tipo de caña:Alta;
ARES;Mujer;Bota;beige;79,90€;Si;38;58964-C49914;Material principal:Piel$Altura:5 cm$Material de la suela:Madera$Tipo de tacón:Bloque$Tipo de cierre:Cremallera$Material del interior:Piel$Material de la planta:Piel$Tipo de puntera:Afilada$Tipo de caña:Alta;
TERMAL;Mujer;Bolso;marron;32,90€;Si;OS;TERMAL-C50284;Material principal:Sintetico$Forro:Textil$Base:5.50$Altura:13 cm$Ancho:22$Tipo de cierre:Solapa$Material del interior:Sintético;
TERMAL;Mujer;Bolso;negro;32,90€;Si;OS;TERMAL-C50283;Material principal:Sintetico$Forro:Textil$Base:5.50$Altura:13 cm$Ancho:22$Tipo de cierre:Solapa$Material del interior:Sintético;
TERMAL;Mujer;Bolso;verde;32,90€;Si;OS;TERMAL-C49365;Material principal:Sintetico$Forro:Textil$Base:5.50$Altura:13 cm$Ancho:22$Tipo de cierre:Solapa$Material del interior:Sintético;
TERMOLI;Mujer;Bolso;marron;36,90€;Si;OS;TERMOLI-C50284;Material principal:Sintetico$Base:5.80$Altura:16 cm$Ancho:26$Tipo de cierre:Solapa$Material del interior:Sintético;
GLAMSA;Mujer;Botín;marron;49,90€;Si;36-37-38-39-40;58571-C50060;Material principal:Sintetico$Altura:7 cm$Material de la suela:De goma$Tipo de tacón:Bloque$Tipo de cierre:Cremallera$Material del interior:Sintético$Material de la planta:Sintético$Tipo de puntera:Redonda$Tipo de caña:Baja;
NEWSESENTA;Mujer;Botín;negro;49,90€;Si;36-37-38-39-40-41;50286-C27784;Material principal:Sintetico$Altura:8.50 cm$Material de la suela:De goma$Tipo de tacón:Bloque$Tipo de cierre:Cremallera$Material del interior:Sintético$Material de la planta:Sintético$Tipo de puntera:Redonda$Tipo de caña:Baja;
JOIN;Mujer;Botín;negro;49,90€;Si;37-38-39-40-41;58659-C49874;Material principal:Sintetico$Altura:8 cm$Material de la suela:De goma$Tipo de tacón:Bloque$Tipo de cierre:Cremallera$Material del interior:Sintético$Material de la planta:Sintético$Tipo de puntera:Redonda$Tipo de caña:Baja;
ALEXIA;Mujer;DEPORTIVA;cuero;39,90€;Si;40;69618-C47285;Altura:5 cm;
chica ALICE;Mujer;Deportivas;plata;45,90€;Si;36-40;69128-C42715;Material principal:Sintetico$Altura:2 cm$Material de la suela:De goma$Tipo de tacón:Plano$Tipo de cierre:Cordones$Material del interior:Sintético$Material de la planta:Sintético$Tipo de puntera:Redonda;
FIRE;Mujer;Deportivas;blanco;29,90€;Si;36-38-39;69459-C44217;Material principal:Textil$Altura:4 cm$Material de la suela:De goma$Tipo de tacón:Plano$Tipo de cierre:Cordones$Material del interior:Textil$Material de la planta:Sintético$Tipo de puntera:Redonda;
JOGGO;Mujer;Deportivas;beige;59,90€;Si;39-40-41;69384-C44393;Material principal:Sintetico;
JOGGO;Mujer;Deportiva;kaki;49,90€;Si;37-38-41;69457-C45169;Material principal:Sintetico$Altura:5 cm$Material de la suela:De goma$Tipo de tacón:Plano$Tipo de cierre:Cordones$Material del interior:Sintético$Material de la planta:Sintético$Tipo de puntera:Redonda;
FIRE;Mujer;Deportiva;negro;29,90€;Si;38-39-40;69459-C44216;Material principal:Textil$Altura:4 cm$Material de la suela:De goma$Tipo de tacón:Plano$Tipo de cierre:Cordones$Material del interior:Textil$Material de la planta:Sintético$Tipo de puntera:Redonda;
JOGGO;Mujer;Deportivas;negro;45,90€;Si;39-40-41;69389-C24458;Material principal:Sintetico$Altura:4.50 cm;
ALEXIA;Mujer;Deportivas;blanco;45,90€;Si;41;69430-C26869;Material principal:Sintetico$Altura:4.50 cm$Material de la suela:De goma$Tipo de tacón:Plataforma$Tipo de cierre:Cordones$Material del interior:Sintético$Material de la planta:Sintético$Tipo de puntera:Redonda;
ALEXIA;Mujer;Deportiva;negro;45,90€;Si;40-41;69430-C27190;Material principal:Sintetico$Altura:4.50 cm$Material de la suela:De goma$Tipo de tacón:Plataforma$Tipo de cierre:Cordones$Material del interior:Sintético$Material de la planta:Sintético$Tipo de puntera:Redonda;
POLSA;Mujer;Deportiva;nude;39,90€;Si;38-39-40-41;69360-C43411;Material principal:Sintetico;
POLSA;Mujer;Deportiva;blanco;39,90€;Si;38;69360-C43409;Material principal:Sintetico;
TANKE;Mujer;Deportivas;negro;45,90€;Si;37;69708-C37109;Material principal:Sintetico$Altura:3 cm$Material de la suela:De goma$Tipo de tacón:Plataforma$Tipo de cierre:Cordones$Material del interior:Textil$Material de la planta:Sintético$Tipo de puntera:Redonda;
TEMI;Mujer;Deportiva;blanco;29,90€;Si;37;69704-C47265;Material principal:Sintetico$Altura:3 cm$Material de la suela:De goma$Tipo de tacón:Plano$Tipo de cierre:Cordones$Material del interior:Sintético$Material de la planta:Sintético$Tipo de puntera:Redonda;
SETENTA;Mujer;BOTA;negro;59,90€;Si;41;58804-C47176;Material principal:Sintetico$Altura:10 cm$Material de la suela:Sintética$Tipo de tacón:Bloque$Tipo de cierre:Cremallera$Material del interior:Sintético$Material de la planta:Sintético$Tipo de puntera:Redonda$Tipo de caña:Alta;
WESTER;Mujer;Botín;negro;89,90€;Si;37-38-39-40-41;50341-C49742;Material principal:Piel$Altura:8 cm$Material de la suela:De goma$Tipo de tacón:Bloque$Tipo de cierre:Elástico$Material del interior:Piel$Material de la planta:Piel$Tipo de puntera:Afilada$Tipo de caña:Baja;
PASS;Mujer;BOTÍN;negro;39,99€;Si;41;58853-C35442;Material principal:Sintetico$Altura:5 cm$Material de la suela:De goma$Tipo de tacón:Bloque$Tipo de cierre:Elástico$Material del interior:Sintético$Material de la planta:Sintético$Tipo de puntera:Redonda$Tipo de caña:Baja;
SABA;Mujer;Botín;negro;45,90€;Si;36-37-38-39-40-41;58660-C49874;Material principal:Sintetico$Altura:8 cm$Material de la suela:Caucho$Tipo de tacón:Bloque$Tipo de cierre:Cremallera$Material del interior:Sintético$Material de la planta:Sintético$Tipo de puntera:Redonda$Tipo de caña:Baja;
LANA;Mujer;Deportivas;blanco;49,90€;Si;41;69557-C19667;Material principal:Sintetico$Altura:5 cm$Material de la suela:De goma$Tipo de tacón:Plano$Tipo de cierre:Cordones$Material del interior:Sintético$Material de la planta:Sintético$Tipo de puntera:Redonda;
BEGO;Mujer;Botín;negro;55,90€;Si;37-38-39-40;58243-C50055;Material principal:Sintetico$Altura:6 cm$Material de la suela:Sintética$Tipo de tacón:Bloque$Tipo de cierre:Cremallera$Material del interior:Sintético$Material de la planta:Sintético$Tipo de puntera:Redonda$Tipo de caña:Baja;
NISS;Mujer;Botín;negro;55,90€;Si;36-37-38-39-40-41;50309-C14596;Material principal:Sintetico$Altura:6 cm$Material de la suela:Sintética$Tipo de tacón:Bloque$Tipo de cierre:Cremallera$Material del interior:Sintético$Material de la planta:Sintético$Tipo de puntera:Redonda$Tipo de caña:Media;
NEW CLODE;Mujer;Botín;marron;49,90€;Si;36-37-39;58440-C50037;Material principal:Sintetico$Altura:5 cm$Material de la suela:De goma$Tipo de tacón:Bloque$Tipo de cierre:Cremallera$Material del interior:Sintético$Material de la planta:Sintético$Tipo de puntera:Afilada$Tipo de caña:Baja;
LISON;Mujer;Botín;negro;55,90€;Si;36-37-38-39-40-41;58597-C50061;Material principal:Sintetico$Altura:5 cm$Material de la suela:Sintética$Tipo de tacón:Bloque$Tipo de cierre:Cremallera$Material del interior:Sintético$Material de la planta:Sintético$Tipo de puntera:Redonda$Tipo de caña:Media;
NOW PALAS;Mujer;Botín;taupe;49,90€;Si;36-38-39-40;58644-C50059;Material principal:Sintetico$Altura:7 cm$Material de la suela:De goma$Tipo de tacón:Bloque$Tipo de cierre:Cremallera$Material del interior:Sintético$Material de la planta:Sintético$Tipo de puntera:Redonda$Tipo de caña:Baja;
NOW PALAS;Mujer;Botín;marron;49,90€;Si;36-37-38-39-40-41;58644-C50144;Material principal:Sintetico$Altura:7 cm$Material de la suela:De goma$Tipo de tacón:Bloque$Tipo de cierre:Cremallera$Material del interior:Sintético$Material de la planta:Sintético$Tipo de puntera:Redonda$Tipo de caña:Baja;
MANA;Mujer;ZAPATO;negro;39,99€;Si;41;58731-C47168;Altura:7.50 cm;
GLASI;Mujer;Zapato;beige;45,90€;Si;37-38-39-40-41;58574-C50059;Material principal:Sintetico$Altura:7 cm$Material de la suela:De goma$Tipo de tacón:Bloque$Tipo de cierre:Cordones$Material del interior:Sintético$Material de la planta:Sintético$Tipo de puntera:Redonda;
SAGITTA;Mujer;Botín;negro;49,90€;Si;36-37-38-39-40-41;58708-C50055;Material principal:Sintetico$Altura:4.50 cm$Material de la suela:Caucho$Tipo de tacón:Plano$Tipo de cierre:Cremallera$Material del interior:Sintético$Material de la planta:Sintético$Tipo de puntera:Redonda$Tipo de caña:Media;
GLASS;Mujer;ZAPATO;negro;45,99€;Si;40;58563-C35442;Material principal:Textil$Altura:6.50 cm$Material de la suela:Caucho$Tipo de tacón:Bloque$Tipo de cierre:Cremallera$Material del interior:Sintético$Material de la planta:Sintético$Tipo de puntera:Redonda;
PANA;Mujer;Zapato;negro;35,99€;Si;36-40;58854-C47168;Material principal:Sintetico$Altura:6 cm$Material de la suela:Caucho$Tipo de tacón:Bloque$Tipo de cierre:Sin cierre-Abiertos$Material del interior:Sintético$Material de la planta:Sintético$Tipo de puntera:Redonda;
CENTI;Mujer;Zueco;cuero;59,90€;Si;36-37-38-39;50378-C47011;Material principal:Piel$Altura:5.50 cm$Material de la suela:De goma$Tipo de tacón:Bloque$Tipo de cierre:Sin cierre-Abiertos$Material del interior:Piel$Material de la planta:Piel$Tipo de puntera:Afilada;
Oxford MILA;Mujer;Zapato;gris;42,99€;Si;36-37-38;57408-C42791;Material principal:Sintetico$Altura:6 cm;
NAO;Mujer;Zapatos;negro;45,99€;Si;40-41;58575-C47176;Material principal:Sintetico$Altura:6 cm$Material de la suela:Caucho$Tipo de tacón:Bloque$Tipo de cierre:Sin cierre-Abiertos$Material del interior:Sintético$Material de la planta:Sintético$Tipo de puntera:Redonda;
CIRCE;Mujer;Zapatos;negro;39,99€;Si;41;58629-C47168;Material principal:Sintetico$Altura:5 cm$Material de la suela:Caucho$Tipo de tacón:Bloque$Tipo de cierre:Cordones$Material del interior:Sintético$Material de la planta:Sintético$Tipo de puntera:Redonda;
SNOWY;Mujer;Botín;marron;39,90€;Si;36-37-38-39-40-41;50081-C27928;Material principal:Sintetico$Altura:2 cm$Material de la suela:Sintética$Tipo de tacón:Plano$Tipo de cierre:Sin cierre-Abiertos$Material del interior:Pelo$Material de la planta:Sintético$Tipo de puntera:Redonda$Tipo de caña:Media;
SNOWY;Mujer;Botín;taupe;39,90€;Si;36-37-38-39-40-41;50081-C28595;Material principal:Sintetico$Altura:2 cm$Material de la suela:Sintética$Tipo de tacón:Plano$Tipo de cierre:Sin cierre-Abiertos$Material del interior:Pelo$Material de la planta:Sintético$Tipo de puntera:Redonda$Tipo de caña:Media;
SNOWY;Mujer;Botín;negro;39,90€;Si;36-37-38-39-40-41;50081-C27784;Material principal:Sintetico$Altura:2 cm$Material de la suela:Sintética$Tipo de tacón:Plano$Tipo de cierre:Sin cierre-Abiertos$Material del interior:Pelo$Material de la planta:Sintético$Tipo de puntera:Redonda$Tipo de caña:Media;
CAMPA;Mujer;Botín;marron;49,90€;Si;36-39-40;50354-C27834;Material principal:Textil$Altura:3.50 cm$Material de la suela:De goma$Tipo de tacón:Plano$Tipo de cierre:Cordones$Material del interior:Pelo$Material de la planta:Sintético$Tipo de puntera:Abierta$Tipo de caña:Media;
CAMPA;Mujer;Botín;negro;49,90€;Si;36-37-38-39-40-41;50354-C27784;Material principal:Textil$Altura:3.50 cm$Material de la suela:De goma$Tipo de tacón:Plano$Tipo de cierre:Cordones$Material del interior:Pelo$Material de la planta:Sintético$Tipo de puntera:Redonda$Tipo de caña:Media;
NEW SCHOOL;Mujer;Botín;marron;49,90€;Si;36-37-38-39-40-41;50019-C50069;Material principal:Sintetico$Altura:3 cm$Material de la suela:De goma$Tipo de tacón:Plano$Tipo de cierre:Cordones$Material del interior:Pelo$Material de la planta:Sintético$Tipo de puntera:Redonda$Tipo de caña:Media;
NEW SCHOOL;Mujer;Botín;negro;49,90€;Si;36-37-38-39-40-41;50019-C50071;Material principal:Sintetico$Altura:3 cm$Material de la suela:De goma$Tipo de tacón:Plataforma$Tipo de cierre:Cordones$Material del interior:Pelo$Material de la planta:Goma$Tipo de puntera:Redonda$Tipo de caña:Media;
NEW SCHOOL;Mujer;Botín;taupe;49,90€;Si;36-37-38-39-40-41;50019-C50070;Material principal:Sintetico$Altura:3 cm$Material de la suela:De goma$Tipo de tacón:Plano$Tipo de cierre:Cordones$Material del interior:Pelo$Material de la planta:Sintético$Tipo de puntera:Redonda$Tipo de caña:Media;
NENTA;Mujer;Botín;marron;89,90€;Si;36-37-38-39-40-41;50318-C49743;Material principal:Piel$Altura:5.50 cm$Material de la suela:De goma$Tipo de tacón:Bloque$Tipo de cierre:Sin cierre-Abiertos$Material del interior:Piel$Material de la planta:Piel$Tipo de puntera:Afilada$Tipo de caña:Baja;
MIRTA;Mujer;Botín;beige;49,90€;Si;36-37-38-39-40-41;58336-C50068;Material principal:Sintetico$Altura:2 cm$Material de la suela:De goma$Tipo de tacón:Plano$Tipo de cierre:Cordones$Material del interior:Pelo$Material de la planta:Sintético$Tipo de puntera:Redonda$Tipo de caña:Baja;
GLAMSA;Mujer;Botín;taupe;49,90€;Si;36-37-39-40-41;58571-C50059;Material principal:Sintetico$Altura:7 cm$Tipo de tacón:Bloque$Tipo de cierre:Cremallera$Material del interior:Sintético$Material de la planta:Sintético$Tipo de puntera:Redonda$Tipo de caña:Baja;
SCORPIUS;Mujer;Botín;taupe;49,90€;Si;36-37-38-39-40-41;58647-C48993;Material principal:Sintetico$Altura:8 cm$Material de la suela:De goma$Tipo de tacón:Vaquero$Tipo de cierre:Cremallera$Material del interior:Sintético$Material de la planta:Sintético$Tipo de puntera:Redonda$Tipo de caña:Media;
SABA;Mujer;Botín;marron;45,90€;Si;36-37-38-39-40-41;58660-C50076;Material principal:Sintetico$Altura:8 cm$Material de la suela:Caucho$Tipo de tacón:Bloque$Tipo de cierre:Cremallera$Material del interior:Sintético$Material de la planta:Sintético$Tipo de puntera:Redonda$Tipo de caña:Baja;
SYRA;Mujer;Botín;verde;89,90€;Si;36-37-38-39-40-41;50347-C47010;Material principal:Piel$Altura:8 cm$Material de la suela:De goma$Tipo de tacón:Bloque$Tipo de cierre:Cremallera$Material del interior:Piel$Material de la planta:Piel$Tipo de puntera:Afilada$Tipo de caña:Baja;
CATIO;Mujer;Botín;marron;89,90€;Si;36-37-38-39-40-41;50331-C6047;Material principal:Piel$Altura:5 cm$Material de la suela:De goma$Tipo de tacón:Plano$Tipo de cierre:Cremallera$Material del interior:Piel$Material de la planta:Piel$Tipo de puntera:Redonda$Tipo de caña:Baja;
CATIO;Mujer;Botín;negro;89,90€;Si;36-37-38-39-40;50331-C49742;Material principal:Piel$Altura:5 cm$Material de la suela:De goma$Tipo de tacón:Plano$Tipo de cierre:Cremallera$Material del interior:Piel$Material de la planta:Piel$Tipo de puntera:Redonda$Tipo de caña:Baja;
RIANA;Mujer;Bota;verde;55,90€;Si;37;50172-C50089;Material principal:Sintetico$Altura:7.50 cm$Material de la suela:Sintética$Tipo de tacón:Bloque$Tipo de cierre:Cremallera$Material del interior:Sintético$Material de la planta:Sintético$Tipo de puntera:Redonda$Tipo de caña:Alta;
bandolera BLED;Mujer;Bolso;burdeos;29,99€;Si;OS;BLED-C43151;Material principal:Sintetico$Base:25$Altura:17.50 cm$Ancho:5.50;
CENTI;Mujer;Zueco;cuero;59,90€;Si;36-37-38-39-40;50378-C49890;Material principal:Piel$Altura:5.50 cm$Material de la suela:De goma$Tipo de tacón:Bloque$Tipo de cierre:Sin cierre-Abiertos$Material del interior:Piel$Material de la planta:Piel$Tipo de puntera:Afilada;
de lona;Mujer;Deportiva;blanco;23,99€;Si;36-37-38-39;13991-I222;Material principal:Textil$Altura:2 cm;
de lona 13991;Mujer;Deportiva;negro;23,99€;Si;36-37-38-40;13991-C20462;Material principal:Textil$Altura:2 cm$Material de la suela:De goma$Tipo de tacón:Plano$Tipo de cierre:Cordones$Material del interior:Textil$Material de la planta:Textil$Tipo de puntera:Redonda;
NEW PALAS;Mujer;Bota;negro;55,90€;Si;36-37-38-39-40-41;50275-C27784;Material principal:Sintetico$Forro:Textil$Altura:7 cm$Material de la suela:De goma$Tipo de tacón:Bloque$Tipo de cierre:Cremallera$Material del interior:Sintético$Material de la planta:Sintético$Tipo de puntera:Afilada$Tipo de caña:Media;
NEW PALAS;Mujer;Botín;taupe;55,90€;Si;36-37-38-39-40-41;50275-C28595;Material principal:Sintetico$Forro:Textil$Altura:7 cm$Material de la suela:De goma$Tipo de tacón:Bloque$Tipo de cierre:Cremallera$Material del interior:Sintético$Material de la planta:Sintético$Tipo de puntera:Afilada$Tipo de caña:Media;
NEW PALAS;Mujer;Botín;negro;49,90€;Si;36-37-38-39-40;50276-C27784;Material principal:Textil$Altura:7 cm$Material de la suela:De goma$Tipo de tacón:Ancho$Tipo de cierre:Cremallera$Material del interior:Sintético$Material de la planta:Sintético$Tipo de puntera:Redonda$Tipo de caña:Baja;
NEW PALAS;Mujer;Botín;marron;49,90€;Si;36-37-38-39-40-41;50276-C27834;Material principal:Textil$Altura:7 cm$Material de la suela:Sintética$Tipo de tacón:Bloque$Tipo de cierre:Cremallera$Material del interior:Sintético$Material de la planta:Sintético$Tipo de puntera:Redonda$Tipo de caña:Media;
LEO;Mujer;Deportiva;marron;39,90€;Si;38;69441-034103;Material principal:Sintetico$Altura:2.50 cm$Material de la suela:De goma$Tipo de tacón:Plano$Tipo de cierre:Cordones$Material del interior:Textil$Material de la planta:FOAM$Tipo de puntera:Redonda;
ARES;Mujer;BOTA;negro;99,99€;No;?;58964-C49742;Material principal:Piel$Altura:5 cm$Material de la suela:Madera$Tipo de tacón:Bloque$Tipo de cierre:Cremallera$Material del interior:Piel$Material de la planta:Piel$Tipo de puntera:Afilada$Tipo de caña:Alta;
SYRA;Mujer;Botín;marron;89,90€;Si;37-39-40;50347-C51437;Material principal:Serraje$Altura:8 cm$Material de la suela:De goma$Tipo de tacón:Bloque$Tipo de cierre:Cremallera$Material del interior:Piel$Material de la planta:Piel$Tipo de puntera:Afilada$Tipo de caña:Baja;
SORI;Mujer;Botín;negro;45,99€;Si;38-40;58790-C47638;Material principal:Sintetico$Altura:4 cm$Material de la suela:PVC$Tipo de tacón:Plataforma$Tipo de cierre:Elástico$Material del interior:Sintético$Material de la planta:Sintético$Tipo de puntera:Redonda$Tipo de caña:Baja;
de lona 13991;Mujer;Deportivas;amarillo;23,99€;Si;38;13991-C49312;Material principal:Textil;
de lona;Mujer;Deportivas;verde;23,99€;Si;36-38-40;13991-C49311;Material principal:Textil;
de lona;Mujer;Deportivas;rosa;23,99€;Si;36-37-38-40;13991-C49313;Material principal:Textil;
ARES;Mujer;Bota;marron;99,90€;Si;36-37-38-39-40-41;58964-I3332;Material principal:Piel$Altura:5 cm$Material de la suela:Madera$Tipo de tacón:Bloque$Tipo de cierre:Cremallera$Material del interior:Piel$Material de la planta:Piel$Tipo de puntera:Afilada$Tipo de caña:Alta;
ELA;Mujer;Zueco;cuero;69,99€;No;?;58133-C49890;Material principal:Piel$Altura:5 cm$Material de la suela:Madera$Tipo de tacón:Bloque$Tipo de cierre:Sin cierre-Abiertos$Material del interior:Piel$Material de la planta:Madera$Tipo de puntera:Afilada;
PADANG;Mujer;MOCHILA;taupe;35,99€;No;?;PADANG-C47562;Material principal:Sintetico$Base:23$Altura:31 cm$Ancho:16$Tipo de cierre:Cremallera$Material del interior:Textil;
MARILYN;Mujer;Bota;cuero;99,99€;Si;40-41;58134-C49890;Material principal:Piel$Altura:8.50 cm$Material de la suela:Madera$Tipo de tacón:Bloque$Tipo de cierre:Cremallera$Material del interior:Piel$Material de la planta:Piel$Tipo de puntera:Afilada$Tipo de caña:Alta;
COW;Mujer;BOTA;cuero;89,99€;No;?;58962-C49743;Material principal:Piel$Altura:5 cm$Material de la suela:Madera$Tipo de tacón:Bloque$Tipo de cierre:Sin cierre-Abiertos$Material del interior:Piel$Material de la planta:Piel$Tipo de puntera:Afilada$Tipo de caña:Media;
ANTRAM;Mujer;Bolso;negro;45,90€;No;?;ANTRAM-C50271;Material principal:Sintetico$Base:14$Altura:32 cm$Ancho:32$Tipo de cierre:Cremallera$Material del interior:Textil;
ANTRAM;Mujer;Bolso;gris;45,90€;No;?;ANTRAM-C50269;Material principal:Sintetico$Base:14$Altura:32 cm$Ancho:32$Tipo de cierre:Cremallera$Material del interior:Textil;
SETENTA;Mujer;BOTA;cuero;59,90€;No;?;58804-C48265;Material principal:Sintetico$Altura:10 cm$Material de la suela:Sintética$Tipo de tacón:Bloque$Tipo de cierre:Cremallera$Material del interior:Sintético$Material de la planta:Sintético$Tipo de puntera:Redonda$Tipo de caña:Alta;
MINAYA;Mujer;BOTA;negro;55,99€;No;?;58640-C35442;Material principal:Textil$Altura:5 cm;
ANUBIS;Mujer;BOTA;negro;55,90€;No;?;58662-C47322;Material principal:Sintetico$Altura:4 cm$Material de la suela:De goma$Tipo de tacón:Plano$Tipo de cierre:Cremallera$Material del interior:Sintético$Material de la planta:Sintético$Tipo de puntera:Afilada$Tipo de caña:Alta;
ARES;Mujer;BOTA;cuero;99,90€;Si;36-37-39-40-41;58964-C49743;Material principal:Piel$Altura:5 cm$Material de la suela:Madera$Tipo de tacón:Bloque$Tipo de cierre:Cremallera$Material del interior:Piel$Material de la planta:Piel$Tipo de puntera:Afilada$Tipo de caña:Alta;
SABB;Mujer;ZAPATO;negro;39,99€;No;?;58639-C35442;Material principal:Textil$Altura:6 cm;
NAO;Mujer;BOTA;negro;55,99€;No;?;58573-C35442;Material principal:Textil$Altura:9 cm;
ARES;Mujer;BOTA;negro;99,99€;No;?;58964-C49742;Material principal:Piel$Altura:5 cm$Material de la suela:Madera$Tipo de tacón:Bloque$Tipo de cierre:Cremallera$Material del interior:Piel$Material de la planta:Piel$Tipo de puntera:Afilada$Tipo de caña:Alta;
ARES;Mujer;Bota;azul;99,99€;No;?;58964-C49891;Material principal:Piel$Altura:5 cm$Material de la suela:Madera$Tipo de tacón:Bloque$Tipo de cierre:Cremallera$Material del interior:Piel$Material de la planta:Piel$Tipo de puntera:Afilada$Tipo de caña:Alta;
ARES;Mujer;Bota;beige;79,90€;Si;37-38;58964-C49914;Material principal:Piel$Altura:5 cm$Material de la suela:Madera$Tipo de tacón:Bloque$Tipo de cierre:Cremallera$Material del interior:Piel$Material de la planta:Piel$Tipo de puntera:Afilada$Tipo de caña:Alta;
MINAYA;Mujer;BOTA;taupe;55,99€;No;?;58640-C38313;Material principal:Textil$Altura:5 cm;
COMBA;Mujer;Bota;negro;59,99€;No;?;58750-C47176;Altura:2 cm;
ADARA;Mujer;BOTA;negro;55,99€;No;?;58678-C27784;Material principal:Textil$Altura:6.50 cm;
ADARA;Mujer;BOTA;cuero;55,99€;No;?;58678-C48148;Material principal:Textil$Altura:6.50 cm;
GLANY;Mujer;Zapato;marron;45,90€;No;?;50150-C27834;Material principal:Textil$Altura:7 cm;
MAYRAS;Mujer;Zapato;negro;45,90€;No;?;58369-C50055;Altura:5 cm;
MIRIANA;Mujer;Bota;taupe;55,90€;No;?;50165-C50065;Altura:7.50 cm;
PANABI;Mujer;Bota;negro;49,90€;No;?;50193-C48487;Altura:6 cm;
ALISON;Mujer;Bota;taupe;59,90€;No;?;50290-C50065;Material principal:Sintetico$Altura:7.50 cm$Material de la suela:De goma$Tipo de tacón:Vaquero$Tipo de cierre:Cremallera$Material del interior:Sintético$Material de la planta:Goma$Tipo de puntera:Abierta$Tipo de caña:Alta;
MENSIA;Mujer;Bota;marron;59,90€;No;?;50294-C50090;Altura:4.50 cm;
MENSIA;Mujer;Bota;azul;59,90€;No;?;50294-C50092;Altura:4.50 cm;
MAKA;Mujer;Bota;negro;59,90€;No;?;58577-C48487;Altura:5 cm;
58964;Mujer;Botas;marron;99,90€;No;?;58964-333104;Material principal:Piel$Altura:5 cm$Material de la suela:Madera$Tipo de tacón:Bloque$Tipo de cierre:Cremallera$Material del interior:Piel$Material de la planta:Piel$Tipo de puntera:Afilada$Tipo de caña:Alta;
ALMA;Mujer;Botín;negro;45,90€;No;?;50192-C50062;Altura:3 cm$Material del interior:Sintético$Material de la planta:Sintético$Tipo de puntera:Redonda;
BESSI;Mujer;Botín;marron;49,90€;No;?;50202-C28595;Material principal:Sintetico$Altura:3 cm$Material de la suela:Sintética$Tipo de tacón:Plano$Tipo de cierre:Cremallera$Material del interior:Sintético$Material de la planta:Sintético$Tipo de puntera:Redonda$Tipo de caña:Media;
MUSCA;Mujer;Botín;negro;49,90€;No;?;50259-C50055;Altura:6 cm;
PERSEA;Mujer;Botín;negro;49,90€;No;?;50265-C27784;Material principal:Textil$Altura:3 cm;
TACANA;Mujer;Botín;negro;49,90€;No;?;50296-C47638;Material principal:Sintetico$Altura:4 cm$Material de la suela:Caucho$Tipo de tacón:Plano$Tipo de cierre:Cremallera$Material del interior:Sintético$Material de la planta:Sintético$Tipo de puntera:Redonda$Tipo de caña:Media;
MIRTA;Mujer;Botín;negro;49,90€;No;?;58336-C31025;Material principal:Sintetico$Altura:2 cm;
NEW CLODE;Mujer;Botín;negro;49,90€;No;?;58440-C48871;Material principal:Sintetico$Altura:5 cm$Material de la suela:De goma$Tipo de tacón:Bloque$Tipo de cierre:Cremallera$Material del interior:Sintético$Material de la planta:Sintético$Tipo de puntera:Afilada$Tipo de caña:Baja;
NEW CLODE;Mujer;Botín;verde;49,90€;No;?;58440-C50036;Material principal:Sintetico$Altura:5 cm$Material de la suela:De goma$Tipo de tacón:Bloque$Tipo de cierre:Cremallera$Material del interior:Sintético$Material de la planta:Sintético$Tipo de puntera:Afilada$Tipo de caña:Baja;
GLAMSA;Mujer;Botín;negro;49,90€;No;?;58571-C50061;Material principal:Sintetico$Altura:7 cm$Tipo de tacón:Bloque$Tipo de cierre:Cremallera$Material del interior:Sintético$Material de la planta:Sintético$Tipo de puntera:Redonda$Tipo de caña:Baja;
LISON;Mujer;Botín;marron;55,90€;No;?;58597-C50060;Altura:5 cm;
LUNI;Mujer;Botín;negro;49,90€;No;?;58616-C50074;Altura:6 cm;
SCORPIUS;Mujer;Botín;negro;49,90€;No;?;58647-C48487;Altura:8 cm;
SCORPIUS;Mujer;Botín;marron;49,90€;No;?;58647-C50073;Altura:8 cm;
SABA;Mujer;Botín;negro;45,90€;No;?;58660-C50074;Material principal:Sintetico$Altura:8 cm$Material de la suela:Caucho$Tipo de tacón:Bloque$Tipo de cierre:Cremallera$Material del interior:Sintético$Material de la planta:Sintético$Tipo de puntera:Redonda$Tipo de caña:Baja;
MAYRA;Mujer;Botín;negro;49,90€;No;?;58679-C48871;Material principal:Sintetico$Altura:5 cm;
STORMI;Mujer;Botín;negro;49,90€;No;?;58709-C48871;Material principal:Sintetico$Altura:33 cm$Material del interior:Sintético$Material de la planta:Sintético$Tipo de puntera:Redonda$Tipo de caña:Media;
PANA;Mujer;Botín;marron;39,90€;No;?;58712-C50073;Altura:6 cm$Material de la suela:Sintética$Material del interior:Sintético$Material de la planta:Sintético$Tipo de puntera:Redonda$Tipo de caña:Baja;
JOGGO;Mujer;Deportivo;gris;39,90€;No;?;69362-C50129;Material principal:Sintetico$Altura:2.50 cm$Material del interior:Textil$Material de la planta:FOAM$Tipo de puntera:Redonda;
ALEXIA;Mujer;Deportiva;nude;45,90€;No;?;69413-C50046;Altura:5.50 cm;
ALEXIA;Mujer;Deportiva;beige;45,90€;No;?;69413-C50047;Altura:5.50 cm;
CORE;Mujer;Deportiva;negro;39,90€;No;?;69418-C50111;Material principal:Sintetico$Altura:2.50 cm$Material de la suela:De goma$Tipo de tacón:Plano$Tipo de cierre:Cordones$Material del interior:Textil$Material de la planta:FOAM$Tipo de puntera:Redonda;
BIGGER-K;Mujer;Deportiva;negro;29,90€;No;?;69423-C20291;Material principal:Textil$Altura:4 cm$Material de la suela:Caucho$Tipo de tacón:Plano$Tipo de cierre:Cordones$Material del interior:Textil$Material de la planta:Textil$Tipo de puntera:Redonda;
LEXIA;Mujer;Deportivas;marron;45,90€;No;?;69426-C50043;Material principal:Sintetico$Altura:4.50 cm$Material de la suela:De goma$Tipo de tacón:Plano$Tipo de cierre:Cordones$Material del interior:Textil$Material de la planta:FOAM$Tipo de puntera:Redonda;
BIGGER-BK;Mujer;Deportiva;blanco;29,90€;No;?;69458-I222;Material principal:Textil$Altura:4 cm;
BIGGER-BK;Mujer;Deportiva;negro;29,90€;No;?;69458-C20462;Material principal:Textil$Altura:4 cm;
CARIER;Mujer;Deportiva;negro;49,90€;No;?;69465-C50097;Altura:5 cm;
LAMBY;Mujer;Deportiva;blanco;49,90€;No;?;69569-C50035;Material principal:Sintetico$Altura:7.50 cm$Material de la suela:De goma$Tipo de tacón:Plano$Tipo de cierre:Cordones$Material del interior:Sintético$Material de la planta:Sintético$Tipo de puntera:Redonda;
LARA;Mujer;Deportiva;gris;45,90€;No;?;69523-C50115;Material principal:Sintetico$Altura:4.50 cm$Material de la suela:De goma$Tipo de tacón:Plano$Tipo de cierre:Cordones$Material del interior:Textil$Material de la planta:Sintético$Tipo de puntera:Redonda;
ROSSI;Mujer;Deportiva;blanco;49,90€;No;?;69598-C50035;Material principal:Sintetico$Altura:5.50 cm$Material de la suela:De goma$Tipo de tacón:Cuña$Tipo de cierre:Cordones$Material del interior:Sintético$Material de la planta:FOAM$Tipo de puntera:Redonda;
LICE;Mujer;Deportiva;blanco;39,90€;No;?;69602-C19667;Material principal:Sintetico$Altura:4 cm$Material de la suela:De goma$Tipo de tacón:Plano$Tipo de cierre:Cordones$Material del interior:Sintético$Material de la planta:FOAM$Tipo de puntera:Redonda;
LICE;Mujer;Deportiva;negro;39,90€;No;?;69602-C49141;Material principal:Sintetico$Altura:4 cm$Material de la suela:De goma$Tipo de tacón:Plano$Tipo de cierre:Cordones$Material del interior:Sintético$Material de la planta:FOAM$Tipo de puntera:Redonda;
CELESTE;Mujer;Deportiva;negro;45,90€;No;?;69603-C13609;Material principal:Sintetico$Altura:3.50 cm$Material de la suela:De goma$Tipo de tacón:Plano$Tipo de cierre:Cordones$Material del interior:Textil$Material de la planta:Sintético$Tipo de puntera:Redonda;
SOMO;Mujer;Deportiva;negro;39,90€;No;?;69610-C50119;Material principal:Sintetico$Altura:5.50 cm$Material de la suela:De goma$Tipo de tacón:Plano$Tipo de cierre:Cordones$Material del interior:Textil$Material de la planta:FOAM$Tipo de puntera:Redonda;
SOMO;Mujer;Deportiva;rosa;39,90€;No;?;69610-C50124;Material principal:Sintetico$Altura:5.50 cm$Material de la suela:De goma$Tipo de tacón:Plano$Tipo de cierre:Cordones$Material del interior:Textil$Material de la planta:FOAM$Tipo de puntera:Redonda;
CAM;Mujer;Deportiva;beige;39,90€;No;?;69705-C27820;Material principal:Sintetico$Altura:2.50 cm$Material de la suela:De goma$Tipo de tacón:Plano$Tipo de cierre:Cordones$Material del interior:Sintético$Material de la planta:Sintético$Tipo de puntera:Redonda;
PERDANG;Mujer;Deportiva;negro;39,90€;No;?;69859-C13609;Material principal:Sintetico$Altura:2.50 cm$Material de la suela:Caucho$Tipo de tacón:Plano$Tipo de cierre:Cordones$Material del interior:Textil$Material de la planta:FOAM$Tipo de puntera:Redonda;
MAXI;Mujer;Deportiva;negro;36,90€;No;?;69947-C20291;Material principal:Sintetico$Altura:2.50 cm$Material de la suela:De goma$Tipo de tacón:Plano$Tipo de cierre:Cordones$Material del interior:Textil$Material de la planta:FOAM$Tipo de puntera:Redonda;
FRATA;Mujer;Mochila;negro;45,90€;No;?;FRATA-C50277;Base:15$Altura:20 cm$Ancho:30;
GARDA;Mujer;Bolso;kaki;39,90€;No;?;GARDA-C50312;Base:16$Altura:31 cm$Ancho:26;
LAMBRA;Mujer;Botín;negro;49,90€;No;?;50187-C50167;Altura:8 cm$Material de la suela:De goma$Tipo de tacón:Bloque$Tipo de cierre:Cremallera$Material del interior:Sintético$Material de la planta:Sintético$Tipo de puntera:Afilada$Tipo de caña:Baja;
AIKO;Mujer;Deportiva;gris;45,90€;No;?;69444-C50093;Altura:3 cm;
AIKO;Mujer;Deportiva;negro;45,90€;No;?;69444-C50094;Altura:3 cm;
AIKO;Mujer;Deportiva;gris;45,90€;No;?;69444-C50095;Altura:3 cm;
ANKO;Mujer;Deportiva;blanco;45,90€;No;?;69495-C50096;Altura:3 cm;
BIGGER-BK;Mujer;Deportiva;blanco;36,90€;No;?;69458-C19667;Material principal:Sintetico$Altura:4 cm;
BIGGER-BK;Mujer;Deportiva;negro;36,90€;No;?;69458-C20291;Material principal:Sintetico$Altura:4 cm;
ELLE;Mujer;Deportiva;beige;36,90€;No;?;69434-C50047;Material principal:Sintetico$Altura:3 cm$Material de la suela:De goma$Tipo de tacón:Plano$Tipo de cierre:Cordones$Material del interior:Sintético$Material de la planta:Sintético$Tipo de puntera:Redonda;
;Mujer;Botas;?;?;No;?;50321-C49743;Altura:5.50 cm;
;Mujer;Botas;?;?;No;?;50321-C49742;Altura:5.50 cm;
CAMBRA;Mujer;Bota;negro;59,90€;No;?;50289-C50074;Altura:8 cm;
PENSA;Mujer;Bota;marron;59,90€;No;?;58204-C28595;Material principal:Textil$Altura:3 cm;
PENSA;Mujer;Bota;negro;59,90€;No;?;58204-C27784;Material principal:Textil$Altura:3 cm;
SAMBRA;Mujer;Bota;negro;55,90€;No;?;50255-C50074;Altura:8 cm;
SCORPIUS;Mujer;Bota;marron;59,90€;No;?;50268-C50073;Altura:8 cm;
SCORPIUS;Mujer;Bota;negro;59,90€;No;?;50268-C48487;Altura:8 cm;
CENTUS;Mujer;Botín;marron;89,90€;No;?;50317-C49743;Material principal:Piel$Altura:5.50 cm;
CENTUS;Mujer;Botín;negro;89,90€;No;?;50317-C49742;Material principal:Piel$Altura:5.50 cm;
GLASS;Mujer;Botín;marron;49,90€;No;?;58666-C27834;Material principal:Textil$Altura:7 cm;
MISCA;Mujer;Botín;negro;49,90€;No;?;58681-C50055;Altura:6 cm;
MUSCAN;Mujer;Botín;negro;49,90€;No;?;50260-C50055;Altura:6 cm;
PANAMA;Mujer;Botín;marron;45,90€;No;?;58713-C28595;Material principal:Textil$Altura:6 cm;
PANAMA;Mujer;Botín;negro;45,90€;No;?;58713-C48487;Altura:6 cm;
PERSEA;Mujer;Botín;marron;49,90€;No;?;50265-C27834;Material principal:Textil$Altura:3 cm;
SAGILA;Mujer;Botín;negro;55,90€;No;?;58932-C50055;Altura:4.50 cm;
ALEXIA;Mujer;Deportiva;negro;45,90€;No;?;69413-C50048;Altura:5.50 cm;
AMBY;Mujer;Deportiva;beige;49,90€;No;?;69555-C50172;Altura:7.50 cm;
AMBY;Mujer;Deportiva;negro;49,90€;No;?;69555-C50173;Altura:7.50 cm;
ANKO;Mujer;Deportiva;negro;45,90€;No;?;69495-C50097;Altura:3 cm;
CAMBY;Mujer;Deportiva;negro;49,90€;No;?;69587-C50174;Altura:7.50 cm;
LESTE;Mujer;Deportiva;negro;45,90€;No;?;69431-C37109;Material principal:Sintetico$Altura:3.50 cm;
LESTE;Mujer;Deportiva;verde;45,90€;No;?;69431-C30891;Material principal:Sintetico$Altura:3.50 cm;
SANAO;Mujer;Deportiva;negro;45,90€;No;?;69521-C50097;Altura:4.50 cm;
SANAO;Mujer;Deportiva;taupe;45,90€;No;?;69521-C50131;Altura:4.50 cm;
SARIA;Mujer;Deportiva;blanco;29,90€;No;?;69978-C48984;Altura:1.50 cm;
SARIA;Mujer;Deportiva;negro;29,90€;No;?;69978-C48985;Altura:1.50 cm;
CALME;Mujer;Botín;negro;45,90€;No;?;58785-C47602;Altura:3 cm;
;Mujer;Botas;?;?;No;?;50223-C49744;Altura:5.50 cm;
ARES;Mujer;Botas;marron;99,90€;No;?;58964-C49744;Material principal:Piel$Altura:5 cm$Material de la suela:Madera$Tipo de tacón:Bloque$Tipo de cierre:Cremallera$Material del interior:Piel$Material de la planta:Piel$Tipo de puntera:Afilada$Tipo de caña:Alta;
50336;Mujer;Bota;beige;99,90€;Si;36-37-38-39-40-41;50336-C49846;Material principal:Serraje$Altura:5 cm$Material de la suela:Externa$Tipo de tacón:Plano$Tipo de cierre:Sin cierre-Abiertos$Material del interior:Piel$Material de la planta:Piel$Tipo de puntera:Redonda$Tipo de caña:Alta;
50336;Mujer;Bota;marron;99,90€;Si;36-37-38-39-40-41;50336-C51437;Material principal:Serraje$Altura:5 cm$Material de la suela:Externa$Tipo de tacón:Plano$Tipo de cierre:Sin cierre-Abiertos$Material del interior:Piel$Material de la planta:Piel$Tipo de puntera:Redonda$Tipo de caña:Alta;
58964;Mujer;Bota;beige;99,90€;No;?;58964-C49846;Material principal:Piel$Altura:5 cm$Material de la suela:Externa$Tipo de tacón:Bloque$Tipo de cierre:Cremallera$Material del interior:Piel$Material de la planta:Piel$Tipo de puntera:Afilada$Tipo de caña:Alta;
58964;Mujer;Bota;marron;99,90€;Si;36-37-38-39-40-41;58964-C51437;Material principal:Piel$Altura:5 cm$Material de la suela:Externa$Tipo de tacón:Bloque$Tipo de cierre:Cremallera$Material del interior:Piel$Material de la planta:Piel$Tipo de puntera:Afilada$Tipo de caña:Alta;
CELANDIA;Mujer;Bota;marron;99,90€;No;?;50223-C49744;Altura:5.50 cm;
CENTA;Mujer;Bota;marron;99,90€;Si;36-37-38-39-40-41;50251-C50444;Material principal:Serraje$Forro:Piel$Altura:5.50 cm$Material de la suela:Madera$Tipo de tacón:Bloque$Tipo de cierre:Sin cierre-Abiertos$Material del interior:Piel$Material de la planta:Piel$Tipo de puntera:Afilada$Tipo de caña:Alta;
CENTULI;Mujer;Bota;marron;99,90€;No;?;50321-C49743;Altura:5.50 cm;
CENTULI;Mujer;Bota;negro;99,90€;No;?;50321-C49742;Altura:5.50 cm;
MYRA;Mujer;Bota;verde;99,90€;Si;36-37-38-39-40-41;50340-C47010;Material principal:Serraje$Altura:8 cm$Material de la suela:De goma$Tipo de tacón:Bloque$Tipo de cierre:Sin cierre-Abiertos$Material del interior:Piel$Material de la planta:Piel$Tipo de puntera:Afilada$Tipo de caña:Alta;
alta NAIARA;Mujer;Bota;marron;99,90€;Si;36-37-38-39-40;51073-C51437;Material principal:Piel$Altura:7.50 cm$Material de la suela:Sintética$Tipo de tacón:Bloque$Tipo de cierre:Cremallera$Material del interior:Piel$Material de la planta:Sintético$Tipo de puntera:Redonda$Tipo de caña:Alta;
TEO;Mujer;Bota;marron;99,90€;No;?;58964-333104;Material principal:Piel$Altura:5 cm$Material de la suela:Madera$Tipo de tacón:Bloque$Tipo de cierre:Cremallera$Material del interior:Piel$Material de la planta:Piel$Tipo de puntera:Afilada$Tipo de caña:Alta;
TEO;Mujer;Bota;marron;99,90€;No;?;58964-C49744;Material principal:Piel$Altura:5 cm$Material de la suela:Madera$Tipo de tacón:Bloque$Tipo de cierre:Cremallera$Material del interior:Piel$Material de la planta:Piel$Tipo de puntera:Afilada$Tipo de caña:Alta;
50331;Mujer;Botín;beige;89,90€;Si;36-37-38-39-40-41;50331-C49846;Material principal:Piel$Altura:5 cm$Material de la suela:Caucho$Tipo de tacón:Bloque$Tipo de cierre:Cremallera$Material del interior:Piel$Material de la planta:Piel$Tipo de puntera:Redonda$Tipo de caña:Media;
51049;Mujer;Botín;beige;89,90€;Si;36-37-38-39-40;51049-C51546;Material principal:Piel$Altura:5 cm$Material de la suela:Externa$Tipo de tacón:Bloque$Tipo de cierre:Cremallera$Material del interior:Piel$Material de la planta:Piel$Tipo de puntera:Redonda$Tipo de caña:Baja;
CALME;Mujer;Botín;negro;45,90€;Si;36-37-38-39-40-41;58785-C47602;Material principal:Sintetico$Altura:3 cm$Material de la suela:Caucho$Tipo de tacón:Plano$Tipo de cierre:Cremallera$Material del interior:Sintético$Material de la planta:Sintético$Tipo de puntera:Redonda$Tipo de caña:Media;
